name,name_en,service_type,lat,lng,country_code
Singapore Famous BBQ Pork,Singapore Famous BBQ Pork,restaurant,-33.8807768,151.203912,AU
H Pantry,H Pantry,cafe,-33.8947098,151.2333311,AU
Centennial Homestead,Centennial Homestead,restaurant,-33.8945472,151.2335026,AU
Saint Germaine Patisserie,Saint Germaine Patisserie,cafe,-33.894917,151.1980919,AU
Bytes @ ATP,Bytes @ ATP,cafe,-33.8949115,151.1954059,AU
Bobby's Cafe,Bobby's Cafe,cafe,-33.8910956,151.1958472,AU
Woolworths,Woolworths,supermarket,-33.9445458,151.2249659,AU
Randwick Golf Club Restaurant,Randwick Golf Club Restaurant,restaurant,-33.968863,151.2536276,AU
Woolworths Metro,Woolworths Metro,supermarket,-33.9512672,151.2499369,AU
7-Eleven,7-Eleven,fuel,-33.9513111,151.2491504,AU
Pavilion Café,Pavilion Café,cafe,-33.948136,151.2564277,AU
United,United,fuel,-33.9190242,151.242171,AU
Budget Petrol Chippendale,Budget Petrol Chippendale,fuel,-33.887697,151.2017056,AU
Seasalt Cafe,Seasalt Cafe,cafe,-33.9143366,151.2667604,AU
Ashfield Cycles,Ashfield Cycles,bicycle,-33.8874769,151.1223341,AU
Bronte Kiosk,Bronte Kiosk,cafe,-33.9035687,151.2676732,AU
The Papa's Table,The Papa's Table,cafe,-33.8887463,151.1568007,AU
Coles,Coles,supermarket,-33.8770719,151.2071568,AU
Basket Brothers,Basket Brothers,restaurant,-33.8794315,151.2093207,AU
Hydeaway,Hydeaway,cafe,-33.8764921,151.2098636,AU
Kafe Kaz,Kafe Kaz,cafe,-33.8767913,151.20776,AU
Capitol Square Computer Centre,Capitol Square Computer Centre,mall,-33.8794502,151.2055977,AU
Kagui,Kagui,fashion_accessories,-33.8767189,151.2062903,AU
Tamarama Kiosk,Tamarama Kiosk,cafe,-33.9000205,151.2694192,AU
Odessa on Bondi,Odessa on Bondi,restaurant,-33.8933503,151.26066,AU
The BnG Cafe,The BnG Cafe,cafe,-33.8766716,151.1974515,AU
Squire's Landing,Squire's Landing,restaurant,-33.857526,151.2101733,AU
La Mela,La Mela,restaurant,-33.8581837,151.2094296,AU
Harbourfront,Harbourfront,restaurant,-33.8572949,151.2093644,AU
Ploós,Ploós,restaurant,-33.8569286,151.2091434,AU
6 Head,6 Head,restaurant,-33.8567625,151.2090206,AU
Cruise Bar,Cruise Bar,restaurant,-33.8588135,151.209991,AU
Caminetto Restaurant,Caminetto Restaurant,restaurant,-33.8581429,151.2083295,AU
The Dose,The Dose,cafe,-33.8587012,151.20831,AU
Rosetta,Rosetta,restaurant,-33.8623203,151.207161,AU
The Rooftop,The Rooftop,restaurant,-33.8712721,151.2041156,AU
Golden Century Seafood Restaurant,Golden Century Seafood Restaurant,restaurant,-33.8941701,151.2249669,AU
Gosh Coffee,Gosh Coffee,cafe,-33.8941701,151.2250547,AU
Jamaica Blue,Jamaica Blue,cafe,-33.8943205,151.2256439,AU
Bay Swiss Deli,Bay Swiss Deli,cafe,-33.8943581,151.2260952,AU
Arena,Arena,restaurant,-33.8943121,151.2262403,AU
Ablaze Grill & Bar,Ablaze Grill & Bar,restaurant,-33.8942077,151.2261203,AU
Cine,Cine,restaurant,-33.8942578,151.226183,AU
Gloria Jean's,Gloria Jean's,cafe,-33.8946874,151.2269635,AU
Ben Buckler Cellars,Ben Buckler Cellars,alcohol,-33.8895087,151.2836193,AU
Bocca,Bocca,cafe,-33.8896988,151.2833906,AU
Cafe Bondi,Cafe Bondi,cafe,-33.8897106,151.2829192,AU
Glory Days Bondi,Glory Days Bondi,restaurant,-33.8902287,151.2777106,AU
Surfish Cafe,Surfish Cafe,cafe,-33.8902804,151.2774712,AU
Promenade Beach Bar,Promenade Beach Bar,restaurant,-33.890524,151.2766134,AU
Sushi Train,Sushi Train,restaurant,-33.8888348,151.2765847,AU
Nam,Nam,restaurant,-33.8896163,151.2756363,AU
Thainabox Noodle Bar,Thainabox Noodle Bar,cafe,-33.8894042,151.2750825,AU
Papa Roma Pizzeria,Papa Roma Pizzeria,cafe,-33.8893453,151.275,AU
Myoko,Myoko,restaurant,-33.8892039,151.2751178,AU
Skittle Lane,Skittle Lane,cafe,-33.888754,151.2737647,AU
Thai Riffic,Thai Riffic,cafe,-33.8893099,151.2745993,AU
Pompeis Cafe,Pompeis Cafe,cafe,-33.8900313,151.2743943,AU
Too Fatz Cafe,Too Fatz Cafe,cafe,-33.8904295,151.2744108,AU
Cafe Organics,Cafe Organics,cafe,-33.8904943,151.2736416,AU
Gusto Espresso Bar,Gusto Espresso Bar,cafe,-33.8909174,151.2731922,AU
Little Big Shot Cafe,Little Big Shot Cafe,cafe,-33.8904177,151.2729141,AU
Le Paris-Go,Le Paris-Go,cafe,-33.8903823,151.2723691,AU
Getrude & Alice Cafe Bookstore,Getrude & Alice Cafe Bookstore,cafe,-33.8900857,151.2719184,AU
Lorenzini Cafe,Lorenzini Cafe,cafe,-33.8899078,151.272154,AU
Naomi Levi,Naomi Levi,clothes,-33.8899143,151.2716633,AU
Happy Hockers,Happy Hockers,pawnbroker,-33.889632,151.2712351,AU
Fonda,Fonda,restaurant,-33.8894278,151.2713468,AU
Ravesi's,Ravesi's,restaurant,-33.8912691,151.2736505,AU
McCafé,McCafé,cafe,-33.8901441,151.2749982,AU
Gelato Bar Restaurant,Gelato Bar Restaurant,cafe,-33.890948,151.2741751,AU
Spice Namaste,Spice Namaste,cafe,-33.8910423,151.2741044,AU
Doxa Steakhouse & Seafood,Doxa Steakhouse & Seafood,restaurant,-33.8914735,151.2734931,AU
Liberty Lunch Bar,Liberty Lunch Bar,cafe,-33.8916106,151.2735001,AU
Mojito Bar &Grill,Mojito Bar &Grill,restaurant,-33.8916904,151.2734798,AU
Bondi Kahvé,Bondi Kahvé,cafe,-33.8916714,151.2732803,AU
Il Puntino Italian Restaurant,Il Puntino Italian Restaurant,restaurant,-33.8917182,151.2732272,AU
Ichiban Sushi,Ichiban Sushi,restaurant,-33.8918013,151.273284,AU
Squeeze Cafe,Squeeze Cafe,cafe,-33.8918667,151.2732141,AU
Lamrock Cafe,Lamrock Cafe,cafe,-33.8923117,151.2728725,AU
Gelbison Pizzeria,Gelbison Pizzeria,cafe,-33.8924882,151.2726699,AU
Baristas,Baristas,cafe,-33.8925153,151.2727373,AU
Boost Juice,Boost Juice,cafe,-33.892599,151.2728423,AU
Sobo,Sobo,restaurant,-33.8926685,151.2729141,AU
Bondi Social Restaurant & Bar,Bondi Social Restaurant & Bar,restaurant,-33.8934917,151.2728011,AU
Bondi Trattoria,Bondi Trattoria,restaurant,-33.8938662,151.2728771,AU
Mojo's,Mojo's,cafe,-33.8940874,151.272956,AU
Pacific Laundrette,Pacific Laundrette,laundry,-33.8944979,151.2730619,AU
The Nielsen,The Nielsen,cafe,-33.8509624,151.2666355,AU
Redleaf Cafe,Redleaf Cafe,cafe,-33.872193,151.24726,AU
Farm Cove Eatery,Farm Cove Eatery,cafe,-33.8646641,151.2170587,AU
Coles Chatswood Chase,Coles Chatswood Chase,supermarket,-33.7936839,151.1864311,AU
Ritchies Supa IGA,Ritchies Supa IGA,supermarket,-33.8237916,151.2403688,AU
Doyles,Doyles,restaurant,-33.8729424,151.1920482,AU
Arko,Arko,fuel,-33.7596797,151.2119594,AU
Ecospray Car Wash Cafe,Ecospray Car Wash Cafe,fuel,-33.7526352,151.2547292,AU
United Dee Why Pittwater,United Dee Why Pittwater,fuel,-33.7560121,151.2826023,AU
7-Eleven St. Ives,7-Eleven St. Ives,fuel,-33.7326871,151.1564575,AU
IGA,IGA,supermarket,-33.7340511,151.1267779,AU
IGA Local Grocer Wahroonga Fresh,IGA Local Grocer Wahroonga Fresh,supermarket,-33.718077,151.1164002,AU
Budget Petrol,Budget Petrol,fuel,-33.9445679,151.1285144,AU
Metro,Metro,fuel,-33.8075851,151.1086176,AU
Calvi Petrol Station,Calvi Petrol Station,fuel,-33.7923132,151.1202801,AU
Asakusa,Asakusa,restaurant,-33.8930426,151.1840745,AU
Thai Pothong,Thai Pothong,restaurant,-33.896789,151.1797622,AU
Shell,Shell,fuel,-33.8290475,151.2194433,AU
Redfern Fruit Market,Redfern Fruit Market,convenience,-33.8947146,151.199446,AU
Banjo Paterson Cottage Restaurant,Banjo Paterson Cottage Restaurant,restaurant,-33.8404396,151.1279477,AU
Purple Trees the Cafe,Purple Trees the Cafe,cafe,-33.8906052,151.1386171,AU
Elios Auto Service,Elios Auto Service,car_repair,-33.872356,151.1329009,AU
Ampol Foodary Five Dock,Ampol Foodary Five Dock,fuel,-33.8700626,151.1303601,AU
Forestville Fuel,Forestville Fuel,fuel,-33.7596237,151.2191233,AU
Boronia House Tea Room,Boronia House Tea Room,cafe,-33.8240096,151.2393011,AU
Cafe Bones,Cafe Bones,cafe,-33.8781749,151.1475935,AU
Madang,Madang,restaurant,-33.8761041,151.2074889,AU
Crocodile Senior Thai,Crocodile Senior Thai,restaurant,-33.8804003,151.2052498,AU
Trade Winds Cafe-Brasserie,Trade Winds Cafe-Brasserie,cafe,-33.9417156,151.2411881,AU
Pool Coffee Eatery,Pool Coffee Eatery,cafe,-33.9429189,151.2621377,AU
The North End Cafe,The North End Cafe,cafe,-33.9454375,151.2556123,AU
Taste of Shunde,Taste of Shunde,restaurant,-33.9660695,151.1026693,AU
St George Fruit Market,St George Fruit Market,fresh_produce,-33.9806656,151.1078186,AU
Metro South Hurstville,Metro South Hurstville,fuel,-33.9811753,151.1084088,AU
Ashfield Service Station,Ashfield Service Station,fuel,-33.8865363,151.1256786,AU
BarCycle Summer Hill,BarCycle Summer Hill,cafe,-33.891211,151.1371164,AU
Berkelouw Books,Berkelouw Books,books,-33.8859139,151.1571681,AU
Churrasco,Churrasco,restaurant,-33.8740093,151.2153004,AU
Spice Room at the Malaya,Spice Room at the Malaya,restaurant,-33.8675288,151.2018027,AU
Trek,Trek,bicycle,-33.8684281,151.2054339,AU
Gaucho Grill,Gaucho Grill,restaurant,-33.8759139,151.2152926,AU
7 Eleven Collaroy,7 Eleven Collaroy,fuel,-33.7196752,151.2982698,AU
Dee Why Market,Dee Why Market,mall,-33.7539676,151.2875101,AU
Ipoh Hawker,Ipoh Hawker,restaurant,-33.7838457,151.1301723,AU
Eighty Ate,Eighty Ate,cafe,-33.830455,151.2058304,AU
Vento Espresso,Vento Espresso,cafe,-33.8310656,151.2056731,AU
Soho on miller,Soho on miller,restaurant,-33.8334312,151.2078383,AU
Antica,Antica,restaurant,-33.8349644,151.2074861,AU
St. Ives Rotary Kiosk,St. Ives Rotary Kiosk,kiosk,-33.7056695,151.1876047,AU
Restraunt B.Y.O.,Restraunt B.Y.O.,restaurant,-33.8294696,151.1268795,AU
Cremorne IGA,Cremorne IGA,supermarket,-33.8286756,151.2299385,AU
Hugos,Hugos,restaurant,-33.7998099,151.2838725,AU
Pizza Luna,Pizza Luna,restaurant,-33.8096118,151.1856636,AU
Washhaus,Washhaus,laundry,-33.8097035,151.1858654,AU
Sushi Taro,Sushi Taro,restaurant,-33.8082229,151.1849218,AU
Japanese Noodle Genki,Japanese Noodle Genki,restaurant,-33.8081398,151.185024,AU
Cremorne news agency,Cremorne news agency,newsagent,-33.828508,151.2297624,AU
Malibu,Malibu,cafe,-33.8808148,151.2093846,AU
Hollis Park Cafe,Hollis Park Cafe,cafe,-33.8950152,151.1864141,AU
Campos Coffee,Campos Coffee,cafe,-33.8930442,151.1831969,AU
Whitworths Marine Leisure,Whitworths Marine Leisure,hardware,-33.852532,151.156576,AU
Harmony,Harmony,convenience,-33.83263,151.2058569,AU
Ambi's Chai,Ambi's Chai,cafe,-33.8327233,151.2066469,AU
La Tazzina,La Tazzina,cafe,-33.8327564,151.2068873,AU
Jingogae Korean,Jingogae Korean,restaurant,-33.8328713,151.2076371,AU
b'leaf,b'leaf,florist,-33.8307742,151.2060182,AU
Kai on King sushi,Kai on King sushi,restaurant,-33.8931642,151.1838217,AU
jb cafe,jb cafe,cafe,-33.8397569,151.2113749,AU
Supercheap Auto,Supercheap Auto,car_parts,-33.7660653,151.2679722,AU
Sydney City Toyota,Sydney City Toyota,car,-33.884978,151.1841614,AU
Wild Bean,Wild Bean,cafe,-33.8863105,151.1793843,AU
Frank's Pizza Bar,Frank's Pizza Bar,restaurant,-33.8874257,151.1746218,AU
The Irish Shop,The Irish Shop,gift,-33.8882425,151.1657484,AU
Vintage Cellars,Vintage Cellars,alcohol,-33.8883204,151.1647475,AU
Convenience Store,Convenience Store,convenience,-33.8879143,151.1585162,AU
Freita's Realty,Freita's Realty,property,-33.8880308,151.1610193,AU
Rosewood Furniture City,Rosewood Furniture City,furniture,-33.888128,151.1587136,AU
La Parillada Charcoal Restaurant,La Parillada Charcoal Restaurant,restaurant,-33.8882278,151.1582329,AU
Sails,Sails,restaurant,-33.8484748,151.2061634,AU
The Grad Shop,The Grad Shop,gift,-33.916802,151.2323835,AU
Single O,Single O,cafe,-33.8811804,151.209681,AU
Toast Cafe,Toast Cafe,cafe,-33.8813959,151.2099997,AU
The Wall,The Wall,cafe,-33.87996,151.2098657,AU
Pizza Olla,Pizza Olla,restaurant,-33.7840655,151.1760591,AU
Four Seasons Fresh Fruit & Vegetables,Four Seasons Fresh Fruit & Vegetables,greengrocer,-33.7773227,151.1493276,AU
Liquorland,Liquorland,alcohol,-33.7772934,151.1489078,AU
Best Solution Computers,Best Solution Computers,computer,-33.8243691,151.1998869,AU
The Beach Eatery,The Beach Eatery,cafe,-33.7735639,151.2924923,AU
Allpress Espresso,Allpress Espresso,cafe,-33.9103185,151.2047331,AU
99 Bikes,99 Bikes,bicycle,-33.8903561,151.2429751,AU
Jim's Convenience Store,Jim's Convenience Store,convenience,-33.8464885,151.1152937,AU
Get & Go,Get & Go,supermarket,-33.8653581,151.2066638,AU
Met Cafe,Met Cafe,cafe,-33.864862,151.2062375,AU
MSY Ultimo,MSY Ultimo,computer,-33.8810375,151.1983928,AU
UNSW Bookstore,UNSW Bookstore,books,-33.916941,151.230343,AU
Eat Me Espresso Bar,Eat Me Espresso Bar,cafe,-33.9159499,151.195317,AU
Audio Products Group,Audio Products Group,hifi,-33.9161842,151.1944353,AU
Lucky Mart,Lucky Mart,supermarket,-33.8080772,151.1851058,AU
Pony dining,Pony dining,restaurant,-33.8590636,151.2084022,AU
The Fine Food Store,The Fine Food Store,cafe,-33.8584249,151.2086166,AU
EzyMart,EzyMart,convenience,-33.8592662,151.2078515,AU
Olive & Peel,Olive & Peel,restaurant,-33.7533953,151.292059,AU
United Dee Why Beach,United Dee Why Beach,convenience,-33.7557167,151.2959912,AU
Girdlers,Girdlers,cafe,-33.7547785,151.2961896,AU
Cafe Plenty,Cafe Plenty,cafe,-33.7547019,151.2961858,AU
Budget Fuel Harbord,Budget Fuel Harbord,fuel,-33.7728863,151.2794124,AU
Hills Cafe & Bakery,Hills Cafe & Bakery,bakery,-33.8763713,151.2219982,AU
The Boathouse,The Boathouse,restaurant,-33.8009905,151.2982673,AU
Cozy Thai,Cozy Thai,restaurant,-33.710993,151.1372704,AU
Echo on the Point,Echo on the Point,cafe,-33.7777401,151.2066465,AU
Sydney Tools,Sydney Tools,tool,-33.9132213,151.2010663,AU
Cellarbrations,Cellarbrations,alcohol,-33.9145657,151.201141,AU
Flight Centre,Flight Centre,travel_agency,-33.9152608,151.2008053,AU
Piatsa Cafe,Piatsa Cafe,restaurant,-33.8998832,151.1838717,AU
TNT Convenience & Tobacconist,TNT Convenience & Tobacconist,convenience,-33.872928,151.2049703,AU
Sydney City Motorcycles,Sydney City Motorcycles,motorcycle,-33.8100871,151.1646504,AU
Cafe Japone,Cafe Japone,cafe,-33.923894,151.2440732,AU
Elia Bathrooms,Elia Bathrooms,bathroom_furnishing,-33.8167444,151.1518008,AU
Run Away Spoon,Run Away Spoon,cafe,-33.7748132,151.1702657,AU
Mogul Indian Restaurant,Mogul Indian Restaurant,restaurant,-33.7161411,151.1089639,AU
Bohäus,Bohäus,cafe,-33.8726087,151.2174738,AU
Vin Fafe,Vin Fafe,restaurant,-33.8748822,151.2181461,AU
Kings Lane Sandwiches,Kings Lane Sandwiches,cafe,-33.8778924,151.2167772,AU
Pizza Lucio,Pizza Lucio,restaurant,-33.8780124,151.2167682,AU
Phamish,Phamish,restaurant,-33.8781494,151.216794,AU
Bloodhound Espresso,Bloodhound Espresso,cafe,-33.8774599,151.2166577,AU
Verde,Verde,restaurant,-33.8758455,151.2148829,AU
Simizu,Simizu,restaurant,-33.8768955,151.2130447,AU
Quattro Passi,Quattro Passi,cafe,-33.8770386,151.2139446,AU
Doncaster Hotel,Doncaster Hotel,alcohol,-33.9127164,151.2246029,AU
Jim's Cellars,Jim's Cellars,alcohol,-33.8241147,151.2010546,AU
The Bower Manly,The Bower Manly,cafe,-33.800868,151.2934329,AU
Shenkin Cafe,Shenkin Cafe,cafe,-33.8993804,151.1830582,AU
Spice I Am,Spice I Am,restaurant,-33.8796885,151.2095619,AU
Bakery King,Bakery King,bakery,-33.9667951,151.1023575,AU
Yu Star BBQ Restaurant,Yu Star BBQ Restaurant,restaurant,-33.9670077,151.1027691,AU
Ka Lot Fuk,Ka Lot Fuk,supermarket,-33.9675989,151.1052721,AU
Taste of Shan Dong,Taste of Shan Dong,restaurant,-33.967558,151.1054206,AU
Sun Ming Restaurant,Sun Ming Restaurant,restaurant,-33.9675363,151.1055606,AU
Dumpling Park,Dumpling Park,restaurant,-33.9675244,151.1056246,AU
Good Kitchen,Good Kitchen,restaurant,-33.9675172,151.1056837,AU
Ricery,Ricery,restaurant,-33.967463,151.1069838,AU
Falcha,Falcha,restaurant,-33.9674953,151.1058907,AU
Jun Kopi Malaysia Kitchen,Jun Kopi Malaysia Kitchen,restaurant,-33.9674907,151.1059523,AU
Viewpoint Optical,Viewpoint Optical,optician,-33.9675717,151.1053584,AU
Ho Xing Seafood Market,Ho Xing Seafood Market,seafood,-33.967258,151.105864,AU
Hurstville Chinese Restaurant,Hurstville Chinese Restaurant,restaurant,-33.9672531,151.1062555,AU
Hung Tak Butchery,Hung Tak Butchery,butcher,-33.9672761,151.1056989,AU
Cheng Xing Meat,Cheng Xing Meat,butcher,-33.9672498,151.1059626,AU
Canton Noodle House,Canton Noodle House,restaurant,-33.9672094,151.10537,AU
Golden Palace Bakery,Golden Palace Bakery,bakery,-33.967259,151.1060803,AU
Happy Daily,Happy Daily,supermarket,-33.9672728,151.105761,AU
Kings Hot Bread,Kings Hot Bread,bakery,-33.9675294,151.1042796,AU
Hurstville Groceries,Hurstville Groceries,supermarket,-33.9673975,151.1040193,AU
Miss Saigon,Miss Saigon,restaurant,-33.9678105,151.1042878,AU
Diamond Bakery,Diamond Bakery,bakery,-33.9676237,151.1039505,AU
Aldi,Aldi,supermarket,-33.9663598,151.1061192,AU
Little Evie,Little Evie,cafe,-33.8927258,151.2143376,AU
Wafu,Wafu,restaurant,-33.8915182,151.213326,AU
Side Plate,Side Plate,cafe,-33.8922673,151.2144584,AU
Prime,Prime,fuel,-33.9616834,151.1332429,AU
Eve's Apple,Eve's Apple,greengrocer,-33.9629648,151.1326277,AU
Broaster Chicken,Broaster Chicken,restaurant,-33.963345,151.13279,AU
Kogarah Discount Drug Store,Kogarah Discount Drug Store,chemist,-33.9630548,151.1328775,AU
United Blakehurst,United Blakehurst,fuel,-33.9866204,151.1126154,AU
Prime Brighton-le-sands,Prime Brighton-le-sands,fuel,-33.9597757,151.1531756,AU
Deli Choice,Deli Choice,restaurant,-33.8691237,151.2101929,AU
Bait,Bait,restaurant,-33.9598989,151.1541596,AU
Bar Brazilia,Bar Brazilia,restaurant,-33.9609323,151.156016,AU
Thai by The Beach,Thai by The Beach,restaurant,-33.9615728,151.1558842,AU
Amber,Amber,tiles,-33.8880129,151.1684963,AU
King Street Cyclery,King Street Cyclery,bicycle,-33.899863,151.178213,AU
Inner City Cycles,Inner City Cycles,bicycle,-33.8814476,151.1889444,AU
Velofix Bicycle Service Centre,Velofix Bicycle Service Centre,bicycle,-33.8651996,151.168227,AU
Mobil,Mobil,fuel,-33.9499613,151.1486044,AU
Cafe Sydney,Cafe Sydney,restaurant,-33.862228,151.2108234,AU
Toolshed,Toolshed,erotic,-33.8810055,151.2173126,AU
Apex Shoes,Apex Shoes,shoes,-33.8857143,151.2286108,AU
Nick's 103,Nick's 103,restaurant,-33.8722054,151.2020521,AU
Quattro Formaggi,Quattro Formaggi,deli,-33.8311065,151.2439082,AU
Jeep,Jeep,car,-33.8240647,151.2370602,AU
The Fairlight Butcher,The Fairlight Butcher,butcher,-33.7958354,151.2764893,AU
Pizza Hut,Pizza Hut,restaurant,-33.8184688,151.2437482,AU
Porter's Liquor,Porter's Liquor,alcohol,-33.7939387,151.262916,AU
Recess,Recess,cafe,-33.8812668,151.2163971,AU
Cherish Cafe,Cherish Cafe,cafe,-33.9947421,151.1398808,AU
Cali Press,Cali Press,cafe,-33.8908835,151.2731428,AU
Omeros on the Beach,Omeros on the Beach,cafe,-33.9854456,151.1478863,AU
Big W,Big W,department_store,-33.7775501,151.1199651,AU
Kmart,Kmart,department_store,-33.7765474,151.1210862,AU
Myer,Myer,department_store,-33.7765531,151.1211622,AU
Giant,Giant,bicycle,-33.8724507,151.2057938,AU
North Ryde Chinese Kitchen,North Ryde Chinese Kitchen,restaurant,-33.8012729,151.1307715,AU
Mixed business,Mixed business,convenience,-33.8082845,151.1231889,AU
French Patisserie,French Patisserie,convenience,-33.8082556,151.1231272,AU
Callaghan Street Cellars,Callaghan Street Cellars,convenience,-33.8083164,151.1232356,AU
Siborg Cafe,Siborg Cafe,cafe,-33.827592,151.2303951,AU
Pontoon Bar,Pontoon Bar,restaurant,-33.871174,151.2022958,AU
Baia,Baia,restaurant,-33.8716077,151.202321,AU
Lindt,Lindt,chocolate,-33.872194,151.2022642,AU
Adria,Adria,restaurant,-33.8719285,151.2022088,AU
I'm Angus,I'm Angus,restaurant,-33.8717769,151.2022367,AU
Homebar,Homebar,restaurant,-33.8727133,151.2019526,AU
Cremorne Bakery,Cremorne Bakery,bakery,-33.8285638,151.2298294,AU
Cremorne Newsagency,Cremorne Newsagency,newsagent,-33.8285548,151.2296406,AU
Sushi 2 Go,Sushi 2 Go,cafe,-33.8284489,151.2300411,AU
Trit Inspired Living,Trit Inspired Living,furniture,-33.8283435,151.2293679,AU
Starbucks,Starbucks,cafe,-33.8792881,151.2056916,AU
Umi Sushi Express,Umi Sushi Express,restaurant,-33.8753113,151.2059628,AU
Chatime,Chatime,cafe,-33.8753277,151.2060452,AU
Pasture of Balmoral,Pasture of Balmoral,cafe,-33.8234089,151.2504871,AU
Bottom of the Harbour,Bottom of the Harbour,restaurant,-33.8265338,151.2512499,AU
Simple Simons Coffee House Cafe,Simple Simons Coffee House Cafe,cafe,-33.8267533,151.2513757,AU
Stir Crazy,Stir Crazy,restaurant,-33.8301413,151.2190089,AU
Cargo bar,Cargo bar,restaurant,-33.8686909,151.2017062,AU
Inbound,Inbound,cafe,-33.9339796,151.1798653,AU
Bistro Bar 2020,Bistro Bar 2020,cafe,-33.934367,151.1788014,AU
Veloce,Veloce,cafe,-33.9342621,151.1775866,AU
Relay,Relay,newsagent,-33.9344321,151.1775503,AU
Tokyo Mart,Tokyo Mart,supermarket,-33.8099595,151.20916,AU
Avo's Auto Repairs,Avo's Auto Repairs,car_repair,-33.795883,151.2776488,AU
Balcony In Bloom,Balcony In Bloom,garden_centre,-33.7638287,151.2679017,AU
Manly Mitre 10,Manly Mitre 10,doityourself,-33.7807202,151.2777588,AU
Garfish,Garfish,restaurant,-33.799945,151.2858528,AU
Four Olives Deli,Four Olives Deli,deli,-33.7991938,151.2865287,AU
El Toro Loco,El Toro Loco,restaurant,-33.7961981,151.2873843,AU
Manly Pavilion,Manly Pavilion,restaurant,-33.7993231,151.2809435,AU
Roy's on Melville,Roy's on Melville,cafe,-37.7645062,144.9437038,AU
Natural Tucker Bakery,Natural Tucker Bakery,bakery,-37.7804125,144.9778648,AU
Maria's Pasta,Maria's Pasta,deli,-37.7829332,144.9778108,AU
Books n Bites Cafe,Books n Bites Cafe,cafe,-37.8017523,144.9583162,AU
The Factory Cafe,The Factory Cafe,cafe,-37.7651025,144.9475575,AU
Bakers Delight,Bakers Delight,bakery,-37.7884332,144.9905823,AU
Rubber Duck Cafe,Rubber Duck Cafe,cafe,-37.789085,144.990631,AU
7-Eleven Fuel,7-Eleven Fuel,fuel,-37.797732,144.975309,AU
Harvey Norman,Harvey Norman,department_store,-37.8784289,145.0926373,AU
Speedway,Speedway,fuel,-37.720426,144.9406255,AU
Boulevard Restaurant,Boulevard Restaurant,restaurant,-37.804543,145.0107596,AU
Summit Cycles,Summit Cycles,bicycle,-37.7992449,144.9788532,AU
No. 87,No. 87,cafe,-37.717866,144.9227746,AU
Metro Petroleum,Metro Petroleum,convenience,-37.7932452,144.9753768,AU
A Minor Place,A Minor Place,cafe,-37.7614923,144.9696521,AU
Liberty,Liberty,fuel,-37.7941345,144.9473446,AU
Bedi's Indian Restaurant,Bedi's Indian Restaurant,restaurant,-37.833506,144.966913,AU
BP,BP,fuel,-37.769901,144.9493388,AU
Convent Bakery,Convent Bakery,bakery,-37.8025203,145.0035085,AU
St Kilda Pier Kiosk,St Kilda Pier Kiosk,cafe,-37.8647212,144.9657172,AU
Caltex,Caltex,fuel,-37.7031365,144.91512,AU
The Point Restaurant,The Point Restaurant,restaurant,-37.8417824,144.9672735,AU
Stagger Lee's,Stagger Lee's,cafe,-37.7989463,144.978543,AU
Psarakos Market,Psarakos Market,supermarket,-37.7597746,145.0007011,AU
Heartattack and Vine,Heartattack and Vine,cafe,-37.7976471,144.9672504,AU
Fireflies,Fireflies,restaurant,-37.7901129,144.9765303,AU
Vegie Bar,Vegie Bar,restaurant,-37.7958574,144.9790602,AU
North Melbourne IGA X-press,North Melbourne IGA X-press,supermarket,-37.798856,144.953525,AU
Taco Bill,Taco Bill,restaurant,-37.8361936,144.9622636,AU
Chilli Lili,Chilli Lili,restaurant,-37.7979061,144.9756259,AU
DJS Auto Electrical,DJS Auto Electrical,car_repair,-37.8456639,145.0726372,AU
Nando's,Nando's,restaurant,-37.8005067,144.9838413,AU
Capricho,Capricho,restaurant,-37.818113,144.948094,AU
Victoria Lounge,Victoria Lounge,cafe,-37.8099642,144.9939912,AU
Puzzle Coffee,Puzzle Coffee,cafe,-37.8190192,144.953659,AU
Enoteca Sileno,Enoteca Sileno,deli,-37.7841673,144.9700853,AU
Cafe 117,Cafe 117,cafe,-37.8252086,144.994992,AU
New Quarter - Hannoi Hannah,New Quarter - Hannoi Hannah,restaurant,-37.8250663,144.9935844,AU
Avenue Bookstore,Avenue Bookstore,books,-37.8251341,144.9940994,AU
Viet Rose Bakery & Cafe,Viet Rose Bakery & Cafe,bakery,-37.7973814,144.9787918,AU
El Camino Cantina,El Camino Cantina,restaurant,-37.8009521,144.9782174,AU
Mitte,Mitte,cafe,-37.7857013,144.9892465,AU
Rocketman,Rocketman,restaurant,-37.7869822,144.993803,AU
Cafe Commercio,Cafe Commercio,cafe,-37.8014283,144.9587685,AU
Seven Seeds,Seven Seeds,cafe,-37.8028349,144.9590354,AU
Bar Scopa,Bar Scopa,cafe,-37.802929,144.9602863,AU
Amicus Espresso,Amicus Espresso,cafe,-37.8022481,144.9601666,AU
Rice Bar,Rice Bar,restaurant,-37.8007255,144.9651678,AU
Kabana,Kabana,restaurant,-37.8017966,144.9665445,AU
Jardin Tan,Jardin Tan,cafe,-37.8296276,144.9757359,AU
Caffe Panette,Caffe Panette,cafe,-37.8328055,144.9574554,AU
Rubira's at Swallows,Rubira's at Swallows,restaurant,-37.8328036,144.9456317,AU
Ecco Service Centre,Ecco Service Centre,fuel,-37.8350429,144.9464432,AU
Racecourse Hotel,Racecourse Hotel,restaurant,-37.8759032,145.045494,AU
David Jones,David Jones,department_store,-37.86316,145.0271688,AU
The Bond Store,The Bond Store,cafe,-37.8217545,144.9639586,AU
Ferdinand,Ferdinand,restaurant,-37.7798322,144.9970613,AU
Melrose Street Laundormat,Melrose Street Laundormat,laundry,-37.7908666,144.9428343,AU
Borsari Ristorante,Borsari Ristorante,restaurant,-37.800873,144.9667047,AU
Fairfield Boathouse,Fairfield Boathouse,cafe,-37.7851623,145.0136098,AU
Kissaten,Kissaten,cafe,-37.782721,145.0218161,AU
Bikes De Ver,Bikes De Ver,bicycle,-37.7840695,145.0147978,AU
Ascot Market,Ascot Market,convenience,-37.7810004,144.9319747,AU
Polaris Cyber Cafe,Polaris Cyber Cafe,laundry,-37.8055761,144.9549614,AU
Local Folk,Local Folk,cafe,-37.7922179,144.925615,AU
Sir Charles,Sir Charles,cafe,-37.7982584,144.9789257,AU
Burns' Grocery LPO,Burns' Grocery LPO,convenience,-37.8341478,144.9815358,AU
Quickstop,Quickstop,convenience,-37.8286561,144.9640556,AU
Soda Rock,Soda Rock,restaurant,-37.839288,144.995485,AU
La Porchetta,La Porchetta,restaurant,-37.8386539,144.9895676,AU
Entrecôte,Entrecôte,restaurant,-37.8340315,144.9805291,AU
The Botanical,The Botanical,restaurant,-37.8341668,144.9816512,AU
The Golden Triangle,The Golden Triangle,restaurant,-37.8342833,144.9823458,AU
Rio's,Rio's,restaurant,-37.8210302,144.9985229,AU
Dan Murphy's,Dan Murphy's,alcohol,-37.8486863,144.9933852,AU
The Argo,The Argo,restaurant,-37.8442389,144.9887757,AU
Pista Bikes,Pista Bikes,bicycle,-37.8382359,144.986869,AU
South Yarra IGA + Liquor,South Yarra IGA + Liquor,alcohol,-37.8386725,144.990318,AU
Noel Beard's Bottleshop,Noel Beard's Bottleshop,alcohol,-37.8390587,144.9913558,AU
Endis Café,Endis Café,cafe,-37.7988255,144.9771439,AU
Bicycles Inc.,Bicycles Inc.,bicycle,-37.8399206,144.9982911,AU
China Style,China Style,restaurant,-37.8005148,144.9636576,AU
Black Cat,Black Cat,cafe,-37.799889,144.978373,AU
The Essential Hat,The Essential Hat,clothes,-37.853354,145.005193,AU
Wild Bean Cafe,Wild Bean Cafe,cafe,-37.8276047,144.9578222,AU
Reynolds Street Sandwich Bar,Reynolds Street Sandwich Bar,cafe,-37.7970342,144.9372333,AU
Kuu Cafe + Japanese Kitchen,Kuu Cafe + Japanese Kitchen,restaurant,-37.834451,144.963597,AU
EcoLaundry,EcoLaundry,laundry,-37.7947432,144.941588,AU
Bistro Thierry,Bistro Thierry,restaurant,-37.8479868,145.0036656,AU
Espresso Bar International,Espresso Bar International,cafe,-37.8191459,144.9551442,AU
Stop 132: St Kilda Station,Stop 132: St Kilda Station,restaurant,-37.8590039,144.9772792,AU
Beachcomber,Beachcomber,cafe,-37.8651197,144.9715162,AU
Banff Café,Banff Café,cafe,-37.8593259,144.9784517,AU
Grocery Bar,Grocery Bar,cafe,-37.8594148,144.9782639,AU
St. Marina,St. Marina,restaurant,-37.8741655,144.9764133,AU
Riva,Riva,restaurant,-37.8754199,144.9750296,AU
Turtle Café,Turtle Café,cafe,-37.8823497,144.982876,AU
The Stokehouse,The Stokehouse,restaurant,-37.867644,144.9743042,AU
St Kilda Cycles,St Kilda Cycles,bicycle,-37.8665976,144.9814886,AU
Marigold Interiors,Marigold Interiors,interior_decoration,-37.8678426,144.9874673,AU
The Classic Bicycle Shop,The Classic Bicycle Shop,bicycle,-37.8638066,144.9811069,AU
United Kitchen,United Kitchen,restaurant,-37.8599162,144.9766543,AU
ASC,ASC,alcohol,-37.8621794,144.9739677,AU
Il Fornaio,Il Fornaio,cafe,-37.8623922,144.9741675,AU
Malaysian Hawker Bar,Malaysian Hawker Bar,restaurant,-37.8625012,144.974299,AU
Min Lokal,Min Lokal,cafe,-37.796901,144.982356,AU
McCoppins Wine Shop,McCoppins Wine Shop,alcohol,-37.798243,144.980499,AU
Flowers Vasette,Flowers Vasette,florist,-37.799888,144.978026,AU
Madame SouSou,Madame SouSou,restaurant,-37.800459,144.977913,AU
Mon Ami Paris Grill,Mon Ami Paris Grill,restaurant,-37.801146,144.974592,AU
McCoppins Food & Wine,McCoppins Food & Wine,supermarket,-37.7888604,144.9895506,AU
Panda Homeware,Panda Homeware,houseware,-37.7884703,144.9904934,AU
The Olive Tree Bistro,The Olive Tree Bistro,restaurant,-37.8330238,144.969881,AU
Little Blue restaurant,Little Blue restaurant,restaurant,-37.8647259,144.9655744,AU
Let$ave Minimart,Let$ave Minimart,convenience,-37.8600178,144.9774365,AU
City Hatters,City Hatters,fashion_accessories,-37.8177412,144.967052,AU
Kagu Ra Zaka,Kagu Ra Zaka,restaurant,-37.839629,144.996116,AU
Country Road,Country Road,clothes,-37.8396033,144.9954374,AU
Freedom,Freedom,furniture,-37.839006,144.995548,AU
A La Bouffe Bar and Bistro,A La Bouffe Bar and Bistro,restaurant,-37.839663,144.996381,AU
France-Soir,France-Soir,restaurant,-37.8382457,144.9869545,AU
Domain Dry Cleaners,Domain Dry Cleaners,dry_cleaning,-37.8343744,144.9823405,AU
Republica,Republica,restaurant,-37.8655585,144.9720338,AU
Donovans,Donovans,restaurant,-37.8685652,144.9750841,AU
One Fitzroy Street,One Fitzroy Street,restaurant,-37.8626802,144.9729231,AU
IGA Xpress,IGA Xpress,convenience,-37.829439,144.970885,AU
The Original Cafe,The Original Cafe,cafe,-37.830547,144.969795,AU
Domain Butchers,Domain Butchers,butcher,-37.8344339,144.9823261,AU
August Restaurant,August Restaurant,restaurant,-37.830502,144.969977,AU
Royal Domain Café,Royal Domain Café,cafe,-37.8316581,144.9710687,AU
Dock Dot,Dock Dot,cafe,-37.8315437,144.9710419,AU
Sushi Genzo,Sushi Genzo,restaurant,-37.8313658,144.9710043,AU
For Lease,For Lease,convenience,-37.830586,144.969642,AU
Kedai Satay,Kedai Satay,restaurant,-37.832148,144.969752,AU
Bean Seen There,Bean Seen There,cafe,-37.832072,144.969731,AU
Peko Peko,Peko Peko,restaurant,-37.831928,144.969691,AU
Gamasot K BBQ,Gamasot K BBQ,restaurant,-37.831831,144.969664,AU
Halsinky Project,Halsinky Project,clothes,-37.7969236,144.978524,AU
Gizmo Gifts,Gizmo Gifts,gift,-37.7969681,144.9785186,AU
Maxine's,Maxine's,clothes,-37.797243,144.978481,AU
Cafe Rosco,Cafe Rosco,cafe,-37.83632,144.976226,AU
dish,dish,restaurant,-37.8352395,144.9754723,AU
Sacred Heart Mission Op Shop,Sacred Heart Mission Op Shop,charity,-37.8628812,144.9802089,AU
Dr Jekyll,Dr Jekyll,cafe,-37.8640141,144.9813215,AU
Inkr7,Inkr7,cafe,-37.8642491,144.982124,AU
Mr Wolf,Mr Wolf,restaurant,-37.8642745,144.9822662,AU
My Beautiful Laundrette,My Beautiful Laundrette,laundry,-37.8029307,144.9775159,AU
Umago,Umago,restaurant,-37.8024384,144.9775568,AU
Smith & Daughters,Smith & Daughters,restaurant,-37.802243,144.977606,AU
KimChi Korean Japanese Grocery,KimChi Korean Japanese Grocery,supermarket,-37.802712,144.977554,AU
Richmond Jolimont Convenience Store,Richmond Jolimont Convenience Store,convenience,-37.8177241,144.9901706,AU
Spensley’s,Spensley’s,restaurant,-37.7887273,144.997757,AU
Hairstar,Hairstar,hairdresser,-37.7888524,144.9977543,AU
Clifton Hill Newsagency,Clifton Hill Newsagency,newsagent,-37.788473,144.997191,AU
New Mini World Milk Bar,New Mini World Milk Bar,convenience,-37.7879325,145.0001138,AU
Food Puzzle Asian Grocery,Food Puzzle Asian Grocery,convenience,-37.8318532,144.9695823,AU
Mr Albert Eastern Cafe,Mr Albert Eastern Cafe,cafe,-37.837184,144.967455,AU
Sushi Link,Sushi Link,restaurant,-37.7992342,144.9781506,AU
Le Gourmet Cakes,Le Gourmet Cakes,cafe,-37.7992836,144.978146,AU
Jesper Junior,Jesper Junior,toys,-37.7993313,144.9781405,AU
In Full Bloom,In Full Bloom,florist,-37.8328804,144.9603151,AU
Europa Coffee Drive Thru,Europa Coffee Drive Thru,cafe,-37.832889,144.966769,AU
Light up Coffee,Light up Coffee,cafe,-37.8334741,144.9638666,AU
Prince Wine Store,Prince Wine Store,alcohol,-37.834076,144.961895,AU
Florsheim Factory Outlet,Florsheim Factory Outlet,clothes,-37.8342112,144.9613278,AU
Emerald Hill Cafe,Emerald Hill Cafe,cafe,-37.8344164,144.9606285,AU
Wood 'n Chimney,Wood 'n Chimney,restaurant,-37.8344156,144.9610011,AU
Rokk Ebony,Rokk Ebony,hairdresser,-37.8343054,144.9609609,AU
South Melbourne Optical,South Melbourne Optical,optician,-37.8347122,144.9611379,AU
Lana Berg,Lana Berg,clothes,-37.834761,144.9611616,AU
BelleBika,BelleBika,clothes,-37.8343393,144.960977,AU
Stella + Estelle Boutique,Stella + Estelle Boutique,clothes,-37.8348224,144.9611914,AU
Divine Hair & Co,Divine Hair & Co,hairdresser,-37.8348749,144.961217,AU
South Melbourne Bakery,South Melbourne Bakery,bakery,-37.8349763,144.9612663,AU
Runway Secrets,Runway Secrets,clothes,-37.8351214,144.9613368,AU
Atomica Caffé,Atomica Caffé,cafe,-37.7993698,144.9784906,AU
Gutz,Gutz,cafe,-37.800815,144.977868,AU
Galleon Café,Galleon Café,cafe,-37.8670228,144.9790401,AU
Irwell's,Irwell's,cafe,-37.8672064,144.9805382,AU
Bedouin Kitchen,Bedouin Kitchen,restaurant,-37.8637536,144.9810828,AU
Indian Star,Indian Star,restaurant,-37.770361,144.905088,AU
Langleys,Langleys,cafe,-37.8166802,144.9541098,AU
Cream,Cream,hairdresser,-37.7983244,144.9772804,AU
Colmao Flamenco,Colmao Flamenco,restaurant,-37.798329,144.977002,AU
Los Amates,Los Amates,restaurant,-37.798217,144.975971,AU
Houndstooth,Houndstooth,cafe,-37.7982227,144.976029,AU
Sound Reference,Sound Reference,hifi,-37.7983073,144.976064,AU
Fitz Curry Cafe,Fitz Curry Cafe,restaurant,-37.7982439,144.976241,AU
Cafe 58,Cafe 58,restaurant,-37.798262,144.976572,AU
Cafe Scene,Cafe Scene,cafe,-37.8352632,144.9705418,AU
Central Catholic Bookshop,Central Catholic Bookshop,books,-37.8117068,144.9629386,AU
Lucky Chan,Lucky Chan,restaurant,-37.8231279,144.9575576,AU
Arthur Daley's Clearance House,Arthur Daley's Clearance House,second_hand,-37.816643,144.966841,AU
Dangerfield,Dangerfield,clothes,-37.817475,144.96684,AU
Flora,Flora,restaurant,-37.8175372,144.9665144,AU
STA Travel,STA Travel,travel_agency,-37.8175753,144.9663856,AU
Crazy Horse Club X,Crazy Horse Club X,erotic,-37.8172518,144.964766,AU
Backpackers World Travel,Backpackers World Travel,travel_agency,-37.8176517,144.9660942,AU
Fine Grind,Fine Grind,cafe,-37.8178708,144.9652106,AU
OTC,OTC,clothes,-37.8175572,144.9664548,AU
Liquorland Express,Liquorland Express,alcohol,-37.8174692,144.9648523,AU
My Mac Australia,My Mac Australia,electronics,-37.816994,144.968526,AU
Two Fingers,Two Fingers,cafe,-37.8159946,144.9693655,AU
City Convenience Store,City Convenience Store,convenience,-37.8152969,144.9662503,AU
Dae Jang Geum,Dae Jang Geum,restaurant,-37.8124553,144.9657759,AU
Spicy Fish Restaurant,Spicy Fish Restaurant,restaurant,-37.8123759,144.9661687,AU
Dragon Boat Restaurant,Dragon Boat Restaurant,restaurant,-37.812254,144.9666308,AU
JB Hi-Fi,JB Hi-Fi,electronics,-37.812932,144.966919,AU
Brunetti Oro,Brunetti Oro,cafe,-37.8142862,144.9663757,AU
Metro Hobbies,Metro Hobbies,hobby,-37.8135554,144.9661874,AU
IGA X-press + Liquor,IGA X-press + Liquor,supermarket,-37.825805,144.957017,AU
Cosentino,Cosentino,houseware,-37.8174641,144.9587942,AU
Garden View Cafe,Garden View Cafe,cafe,-37.80604,144.973766,AU
Curry Bowl,Curry Bowl,restaurant,-37.810374,144.9693613,AU
Ziamese,Ziamese,restaurant,-37.800766,144.977878,AU
Fur Hairdressing,Fur Hairdressing,hairdresser,-37.8002037,144.978318,AU
Goon Korean BBQ,Goon Korean BBQ,restaurant,-37.801195,144.9840011,AU
Flower Drum,Flower Drum,restaurant,-37.811867,144.969217,AU
Mister Munro,Mister Munro,restaurant,-37.8144174,144.9668304,AU
Jaisalmer Palace,Jaisalmer Palace,restaurant,-37.812003,144.970078,AU
East Imperial Chinese Restaurant,East Imperial Chinese Restaurant,restaurant,-37.799138,144.969991,AU
Brunetti,Brunetti,cafe,-37.7981549,144.9678859,AU
Readings,Readings,books,-37.798052,144.967187,AU
Donati's Fine Meats,Donati's Fine Meats,butcher,-37.7975559,144.9676908,AU
Jimmy Watson's,Jimmy Watson's,restaurant,-37.79754,144.9672651,AU
Cafe Italia,Cafe Italia,restaurant,-37.7993081,144.9676983,AU
Edoya,Edoya,restaurant,-37.813054,144.968449,AU
Koko Black,Koko Black,chocolate,-37.8153936,144.9663078,AU
JD Sports,JD Sports,sports,-37.8141144,144.9642414,AU
OPSM,OPSM,optician,-37.8142371,144.9638885,AU
Cotton On,Cotton On,clothes,-37.814265,144.963784,AU
Payless ShoeSource,Payless ShoeSource,shoes,-37.8148876,144.9636579,AU
No. 136 Coffee,No. 136 Coffee,cafe,-37.8149205,144.9636713,AU
MilkSha,MilkSha,cafe,-37.8149917,144.9637058,AU
Barkers,Barkers,restaurant,-37.8132863,145.0236573,AU
The Lab Store,The Lab Store,clothes,-37.800002,144.97801,AU
Alimentari,Alimentari,cafe,-37.7997308,144.9780654,AU
Vans,Vans,shoes,-37.799616,144.978082,AU
Madam Saigon,Madam Saigon,restaurant,-37.79954,144.978091,AU
Wine Republic,Wine Republic,alcohol,-37.799495,144.978102,AU
Jasper's Caffeine Dealers,Jasper's Caffeine Dealers,beverages,-37.799385,144.978124,AU
Viet Rose,Viet Rose,restaurant,-37.796409,144.978609,AU
Patee Thai,Patee Thai,restaurant,-37.796035,144.978659,AU
CommandFix,CommandFix,computer,-37.797421,144.971286,AU
Streets Convenience 24 Seven,Streets Convenience 24 Seven,alcohol,-37.7921848,144.9716357,AU
Carlton North Laundrette,Carlton North Laundrette,laundry,-37.79135,144.971748,AU
Zedi,Zedi,hairdresser,-37.8015604,144.9784949,AU
Hunter Gatherer,Hunter Gatherer,clothes,-37.7992027,144.9785244,AU
Rize BBQ Chinese Restaurant,Rize BBQ Chinese Restaurant,restaurant,-37.7995405,144.9784568,AU
Lucky Day Lotto,Lucky Day Lotto,newsagent,-37.8019056,144.9776726,AU
Cafe Ecco,Cafe Ecco,cafe,-37.808354,144.973813,AU
Stalactites,Stalactites,restaurant,-37.8110551,144.9670923,AU
Supper Inn,Supper Inn,restaurant,-37.8118709,144.9661938,AU
Tsindos Greek Restaurant,Tsindos Greek Restaurant,restaurant,-37.8112149,144.9665492,AU
Kra Ta Ron,Kra Ta Ron,restaurant,-37.8112024,144.9666038,AU
Touché Hombre,Touché Hombre,restaurant,-37.8115275,144.9655203,AU
China Bar,China Bar,restaurant,-37.81114,144.9671016,AU
Rice Workshop,Rice Workshop,restaurant,-37.8122969,144.9658016,AU
Sambal Kampung,Sambal Kampung,restaurant,-37.8122261,144.9659098,AU
Sushi Chef,Sushi Chef,restaurant,-37.8302678,144.9595331,AU
Easytone,Easytone,mobile_phone,-37.811646,144.965041,AU
Parthenon Travel,Parthenon Travel,travel_agency,-37.8112435,144.9664343,AU
Dion Restaurant and Bar,Dion Restaurant and Bar,restaurant,-37.8112805,144.9663097,AU
Pacific BBQ Cafe,Pacific BBQ Cafe,restaurant,-37.8113484,144.9661059,AU
Fitzroy Lotto & News,Fitzroy Lotto & News,newsagent,-37.7986778,144.9782639,AU
EVASSUNDAY,EVASSUNDAY,clothes,-37.7989282,144.9782192,AU
Tamjai Mixian,Tamjai Mixian,restaurant,-37.812536,144.964978,AU
PMP Motors,PMP Motors,car_repair,-37.7572059,144.9941374,AU
Sports Junction,Sports Junction,shoes,-37.812961,144.9651475,AU
Soul Cafe,Soul Cafe,cafe,-37.813182,144.965246,AU
Tribal Rose,Tribal Rose,florist,-37.80113,144.983741,AU
Shuji Sushi,Shuji Sushi,restaurant,-37.8176797,144.962265,AU
Heading Out,Heading Out,hairdresser,-37.800703,144.977889,AU
Vinnies,Vinnies,charity,-37.8010621,144.9782014,AU
Blue Chillies,Blue Chillies,restaurant,-37.80209,144.978072,AU
Newtown Social Club,Newtown Social Club,cafe,-37.802175,144.978063,AU
K2 Internet Cafe,K2 Internet Cafe,internet_cafe,-37.8031828,144.977464,AU
Thonet,Thonet,furniture,-37.8032833,144.9774483,AU
Victorian Gothic,Victorian Gothic,clothes,-37.8033849,144.977433,AU
Saint Cloud,Saint Cloud,bicycle,-37.8034353,144.977432,AU
I Arepa,I Arepa,restaurant,-37.8181633,144.9608084,AU
Shiraaz,Shiraaz,restaurant,-37.8186477,144.9599475,AU
Harry's Tobacconist,Harry's Tobacconist,convenience,-37.8153619,144.9634495,AU
Zone AdrenaLAN,Zone AdrenaLAN,internet,-37.8146558,144.9624067,AU
Vigorous Traditional Thai,Vigorous Traditional Thai,massage,-37.814677,144.9623263,AU
Charles Rose,Charles Rose,jewelry,-37.814855,144.9617201,AU
Kozminsky,Kozminsky,jewelry,-37.8148762,144.9616396,AU
Red Spice Road,Red Spice Road,restaurant,-37.815185,144.9615696,AU
McKillops,McKillops,restaurant,-37.8153735,144.961915,AU
Spontini,Spontini,restaurant,-37.8151769,144.9618234,AU
The Haunted Bookshop,The Haunted Bookshop,books,-37.815426,144.9617054,AU
Hill of Content,Hill of Content,books,-37.8118236,144.9707845,AU
Hudsons Coffee,Hudsons Coffee,cafe,-37.810099,144.972162,AU
Glenda Pho Vietnamese Cuisine,Glenda Pho Vietnamese Cuisine,cafe,-37.83917,144.9415634,AU
The Bite,The Bite,restaurant,-37.814275,144.962343,AU
Ampol,Ampol,fuel,-27.5968666,152.9496466,AU
Freedom Fuels,Freedom Fuels,fuel,-27.4990852,152.9676328,AU
BP Grange,BP Grange,fuel,-27.4260159,153.0132172,AU
Breakfast Creek Wharf Restaurant,Breakfast Creek Wharf Restaurant,restaurant,-27.441646,153.0448428,AU
Caltex Woolworths,Caltex Woolworths,fuel,-27.3496425,153.0378727,AU
Genghis Khan,Genghis Khan,restaurant,-27.453165,153.0341088,AU
L'Academie Restaurant,L'Academie Restaurant,restaurant,-27.4575554,153.0304735,AU
Tyres & More,Tyres & More,fuel,-27.4552603,153.0072205,AU
Pizzeria 1760,Pizzeria 1760,restaurant,-27.5119671,153.0143823,AU
Chang Thai,Chang Thai,restaurant,-27.4629903,153.0410403,AU
Gerbino's Pasticceria,Gerbino's Pasticceria,restaurant,-27.4632194,153.0412871,AU
Himalayan Cafe,Himalayan Cafe,restaurant,-27.4631058,153.0411664,AU
Night Owl,Night Owl,convenience,-27.4630889,153.0416542,AU
The Fish Cafe,The Fish Cafe,restaurant,-27.4683635,153.048087,AU
MK Café,MK Café,cafe,-27.4684049,153.0479528,AU
Vine Restaurant,Vine Restaurant,restaurant,-27.4700334,153.043149,AU
Tony Reed Mechanical Repairs,Tony Reed Mechanical Repairs,fuel,-27.4529055,153.0111692,AU
Arthur Terrace Hair Design,Arthur Terrace Hair Design,hairdresser,-27.4515161,152.9973789,AU
Lady Harriet's Bar and Kitchen,Lady Harriet's Bar and Kitchen,cafe,-27.4775764,153.029749,AU
Lota Takeaway,Lota Takeaway,cafe,-27.4678229,153.1924266,AU
Krabby's Crab Boil,Krabby's Crab Boil,restaurant,-27.4659452,153.0128484,AU
The Boys House of Coffee,The Boys House of Coffee,cafe,-27.4534426,153.0142863,AU
The Vietnamese Restaurant,The Vietnamese Restaurant,restaurant,-27.4580691,153.0328677,AU
Casa Italia,Casa Italia,restaurant,-27.4637525,153.0504662,AU
West End Park Cafe,West End Park Cafe,cafe,-27.4806068,153.0047848,AU
Tuppy's,Tuppy's,convenience,-27.4686683,153.0362254,AU
Hog's Breath,Hog's Breath,restaurant,-27.3599557,153.0174541,AU
Fasta Pasta,Fasta Pasta,restaurant,-27.3600653,153.0174255,AU
Jayliano's,Jayliano's,restaurant,-27.3072727,152.9894613,AU
Olivettos,Olivettos,restaurant,-27.4527026,153.0041326,AU
Foodworks,Foodworks,supermarket,-27.3953253,152.9709862,AU
Rosalie Market Cafe,Rosalie Market Cafe,cafe,-27.4664336,152.9970741,AU
Thai Terrace,Thai Terrace,restaurant,-27.4660539,152.9975289,AU
Tibetan Kitchen,Tibetan Kitchen,restaurant,-27.4616647,153.0143539,AU
An's Convenience Store,An's Convenience Store,convenience,-27.4886251,153.023933,AU
Sea Vibes,Sea Vibes,restaurant,-27.4541264,153.18649,AU
Precision Cuts,Precision Cuts,hairdresser,-27.4426308,152.9460978,AU
The Pet Spa,The Pet Spa,pet_grooming,-27.4427122,152.9461976,AU
Merlo,Merlo,cafe,-27.4420724,153.040101,AU
Rabbit & Co.,Rabbit & Co.,cafe,-27.50526,153.05824,AU
Thai Phoenix,Thai Phoenix,restaurant,-27.50528,153.0581,AU
Cafe 299,Cafe 299,restaurant,-27.49489,153.05902,AU
Sandgate Squash,Sandgate Squash,sports,-27.322326,153.066273,AU
NightOwl,NightOwl,convenience,-27.5033425,153.0476089,AU
Cafe Urbano,Cafe Urbano,cafe,-27.40153,153.01467,AU
Suk-Kho Thai,Suk-Kho Thai,restaurant,-27.428298,153.0474506,AU
Florence,Florence,cafe,-27.4975354,153.0723805,AU
Isabis Hair,Isabis Hair,beauty,-27.495648,153.0655053,AU
Axia Retail,Axia Retail,mall,-27.4936525,153.059026,AU
IGA Marketplace,IGA Marketplace,supermarket,-27.42885,153.05865,AU
Coffee @ The Gabba,Coffee @ The Gabba,cafe,-27.4864957,153.034376,AU
Brown Dog Cafe,Brown Dog Cafe,cafe,-27.4885302,153.0381802,AU
Cab Rank Cafe,Cab Rank Cafe,cafe,-27.49079,153.04176,AU
Maxim's Chinese and Thai,Maxim's Chinese and Thai,restaurant,-27.48714,153.04056,AU
Serendipity,Serendipity,cafe,-27.4326232,153.0196809,AU
Citron,Citron,restaurant,-27.4326152,153.0194441,AU
Di Vita,Di Vita,cafe,-27.4324555,153.0194958,AU
Ming Ming's Kitchen,Ming Ming's Kitchen,restaurant,-27.4323355,153.0195202,AU
Thai Kitchen,Thai Kitchen,restaurant,-27.4320924,153.0193708,AU
Brumby's,Brumby's,bakery,-27.4320522,153.0193382,AU
Cafe Conti,Cafe Conti,cafe,-27.4320128,153.0192719,AU
Fritzenberger Wilston,Fritzenberger Wilston,restaurant,-27.4321423,153.019758,AU
Wilston Newsagency & Post Office,Wilston Newsagency & Post Office,stationery,-27.43226,153.01987,AU
Fuse Bistro,Fuse Bistro,restaurant,-27.4325365,153.0200419,AU
Tomato Brothers,Tomato Brothers,restaurant,-27.4326531,153.0201122,AU
Mr Wongs Chinese Restaurant & Takeaway,Mr Wongs Chinese Restaurant & Takeaway,restaurant,-27.4330227,153.0200279,AU
Champion,Champion,beverages,-27.43277,153.0198,AU
River City Cycles,River City Cycles,bicycle,-27.5175203,153.0165193,AU
Bar Metzo,Bar Metzo,cafe,-27.4660163,153.0284104,AU
Optus,Optus,mobile_phone,-27.4670336,153.0270509,AU
Suez Street Groceries,Suez Street Groceries,convenience,-27.4169405,152.9744621,AU
Clark's Rubber,Clark's Rubber,rubber,-27.5276248,153.1943872,AU
Angus Meats,Angus Meats,butcher,-27.4684973,153.064296,AU
Av-A-Chat Cafe,Av-A-Chat Cafe,cafe,-27.4110205,152.9741552,AU
Zanetti's,Zanetti's,restaurant,-27.4112618,152.974273,AU
Triple B Bakery,Triple B Bakery,bakery,-27.4113844,152.974244,AU
Pasta la Pizza,Pasta la Pizza,restaurant,-27.4115125,152.9742192,AU
Gum Do Chinese Restaurant,Gum Do Chinese Restaurant,restaurant,-27.4121752,152.9745187,AU
IGA Local Grocer,IGA Local Grocer,supermarket,-27.4120694,152.9740186,AU
Vagelis,Vagelis,restaurant,-27.4382604,153.0642489,AU
The Brass,The Brass,cafe,-27.4227418,153.0703506,AU
The Hamptons,The Hamptons,restaurant,-27.4185009,153.067107,AU
Suite Commuter Coffee,Suite Commuter Coffee,cafe,-27.4203296,153.0636895,AU
Thai Naramit,Thai Naramit,restaurant,-27.4226209,153.0636117,AU
Red Galanga Asian Cuisine,Red Galanga Asian Cuisine,restaurant,-27.486571,153.0633102,AU
Toyota Morningside,Toyota Morningside,car,-27.4672305,153.0787806,AU
La Vue,La Vue,restaurant,-27.4645789,153.0318193,AU
Café63,Café63,cafe,-27.4878193,153.049326,AU
Sultan's Kitchen,Sultan's Kitchen,restaurant,-27.4194256,153.0546986,AU
Lasseters,Lasseters,alcohol,-27.4490888,153.0106222,AU
Jack Purcell Meats,Jack Purcell Meats,butcher,-27.3744892,153.0593391,AU
Chang Rai Thai,Chang Rai Thai,restaurant,-27.4728639,153.0591303,AU
Simply Dishy,Simply Dishy,restaurant,-27.4670958,153.0646939,AU
Curryville,Curryville,restaurant,-27.4679419,153.0727861,AU
Boulevard Bakery,Boulevard Bakery,bakery,-27.4678201,153.0729578,AU
Dave George Cars,Dave George Cars,car,-27.4680181,153.0853432,AU
Manly Heights Shopping Village,Manly Heights Shopping Village,mall,-27.4699956,153.1706246,AU
First Choice Liquor,First Choice Liquor,alcohol,-27.4684552,153.0939883,AU
Cannon Hill Sea Change,Cannon Hill Sea Change,seafood,-27.4690209,153.0904753,AU
Honour Espresso,Honour Espresso,cafe,-27.5208777,152.9755875,AU
Il Viale,Il Viale,restaurant,-27.5212983,152.9758206,AU
"The Head, Neck, and Jaw Clinic","The Head, Neck, and Jaw Clinic",convenience,-27.504871,153.0448513,AU
Repco,Repco,car_parts,-27.4940252,153.0417679,AU
Southside Honda Used Vehicles,Southside Honda Used Vehicles,car,-27.4937193,153.0410738,AU
Southside Honda,Southside Honda,car,-27.4931098,153.0409601,AU
Goodyear,Goodyear,car_repair,-27.4898191,153.0363054,AU
Tradelink,Tradelink,bathroom_furnishing,-27.4898688,153.0367061,AU
Toyota Trade Parts Centre,Toyota Trade Parts Centre,car_repair,-27.4885261,153.0365894,AU
Planet Cycles,Planet Cycles,bicycle,-27.4870336,153.0361747,AU
Fortitude Coffee Roasters,Fortitude Coffee Roasters,cafe,-27.4547133,153.0117259,AU
Gerbino's,Gerbino's,bakery,-27.437481,153.0022736,AU
Sense of Taste,Sense of Taste,alcohol,-27.5155345,153.0390235,AU
Ekibin Bakery,Ekibin Bakery,bakery,-27.5155488,153.0391137,AU
Zenith Lounger Barber,Zenith Lounger Barber,hairdresser,-27.5155631,153.0391891,AU
Originals Barbershop,Originals Barbershop,hairdresser,-27.5085831,153.051556,AU
Absolut Massage Therapy,Absolut Massage Therapy,massage,-27.5075445,153.0510401,AU
Miss India,Miss India,restaurant,-27.5074713,153.0503445,AU
Laundromat,Laundromat,laundry,-27.5073438,153.0509186,AU
Leo Muller,Leo Muller,car,-27.5134691,153.0546231,AU
BNE Baracca,BNE Baracca,cafe,-27.5199657,153.040706,AU
Neon Planet,Neon Planet,lighting,-27.5200171,153.0409044,AU
Chan Di Thai,Chan Di Thai,restaurant,-27.4788543,153.0707289,AU
Jothi Palace,Jothi Palace,restaurant,-27.3843822,153.0129644,AU
Coin Laundry,Coin Laundry,laundry,-27.5180405,153.029747,AU
Fernlands Patisserie,Fernlands Patisserie,bakery,-27.384245,152.9429745,AU
Fernlands Grocers,Fernlands Grocers,supermarket,-27.3841124,152.943101,AU
Shot Espresso,Shot Espresso,cafe,-27.4267385,153.0192231,AU
SPAR,SPAR,supermarket,-27.4098411,152.9588326,AU
Keperra Meats,Keperra Meats,butcher,-27.40979,152.959,AU
Gabba Screen Printing Supplies,Gabba Screen Printing Supplies,stationery,-27.4796448,153.0419001,AU
MSY,MSY,computer,-27.4608415,153.071453,AU
Norman Park Laundromat,Norman Park Laundromat,laundry,-27.4725065,153.0600646,AU
Rabbit Hole Cafe,Rabbit Hole Cafe,cafe,-27.4789484,153.0707045,AU
Gemini & Co Bridal & Hair Salon,Gemini & Co Bridal & Hair Salon,hairdresser,-27.5180789,153.0291952,AU
Little Clive,Little Clive,cafe,-27.5112937,153.0312789,AU
Venus Hair and Beauty,Venus Hair and Beauty,hairdresser,-27.5112457,153.031469,AU
La Semilla,La Semilla,cafe,-27.5099339,153.0329244,AU
Master Cobblers,Master Cobblers,shoes,-27.5098893,153.0329452,AU
The Annerley Kitchen,The Annerley Kitchen,bakery,-27.5109602,153.0323298,AU
Divine Nails & Lashes,Divine Nails & Lashes,beauty,-27.5112027,153.0322215,AU
Junction News and Casket,Junction News and Casket,newsagent,-27.5111528,153.032243,AU
Annerley Meats,Annerley Meats,butcher,-27.5112743,153.0321905,AU
Friendly Grocer,Friendly Grocer,convenience,-27.5183713,153.0302055,AU
Café Ô-Mai,Café Ô-Mai,restaurant,-27.518607,153.0299273,AU
Mademan Barber Shop,Mademan Barber Shop,hairdresser,-27.5185529,153.0297762,AU
A Mano Café,A Mano Café,cafe,-27.5185274,153.0297231,AU
Red Lotus,Red Lotus,restaurant,-27.5185041,153.0296444,AU
Tyrepower,Tyrepower,tyres,-27.4701165,153.069339,AU
Cafe Gia,Cafe Gia,cafe,-27.4448869,153.0202714,AU
TAB,TAB,bookmaker,-27.5316956,153.0243384,AU
Thirsty Camel,Thirsty Camel,alcohol,-27.5316557,153.0236632,AU
Barrack Road Store,Barrack Road Store,convenience,-27.4640215,153.089543,AU
Wellers Hill Hardware and Landscape Supplies,Wellers Hill Hardware and Landscape Supplies,hardware,-27.5231647,153.046851,AU
Zu,Zu,hairdresser,-27.523232,153.0471591,AU
Evo Cafe,Evo Cafe,cafe,-27.5212825,153.0195376,AU
Action Bicycles,Action Bicycles,bicycle,-27.3887061,153.0309653,AU
Manly Harbour Boat Club,Manly Harbour Boat Club,restaurant,-27.452899,153.1886606,AU
Earth 'n' Sea Pizza,Earth 'n' Sea Pizza,restaurant,-27.5038297,153.0346812,AU
Be Inspired,Be Inspired,frame,-27.5027889,153.0345738,AU
BWS,BWS,alcohol,-27.5016636,153.0350224,AU
Lucky 7,Lucky 7,convenience,-27.4998648,153.0356959,AU
The Bistro,The Bistro,cafe,-27.4739128,153.019469,AU
Grey Street Cafe,Grey Street Cafe,cafe,-27.4741014,153.0190342,AU
Eagers Holden,Eagers Holden,car,-27.4463531,153.0429825,AU
Eagers Mazda,Eagers Mazda,car,-27.4461557,153.0430349,AU
City Subaru,City Subaru,car,-27.4471889,153.0427912,AU
Austral Volkswagen,Austral Volkswagen,car,-27.4477626,153.0428499,AU
Austral Motors,Austral Motors,car,-27.4482808,153.042819,AU
City Subaru Service Centre,City Subaru Service Centre,car_repair,-27.4473462,153.0432477,AU
EuroMarque Maserati,EuroMarque Maserati,car,-27.4520547,153.0385242,AU
Audi Centre Brisbane,Audi Centre Brisbane,car,-27.4517833,153.0391682,AU
DesignInitial,DesignInitial,furniture,-27.4506378,153.04034,AU
LivingEdge,LivingEdge,furniture,-27.455738,153.0351915,AU
Brisbane BMW,Brisbane BMW,car,-27.4553276,153.036153,AU
Brisbane MINI Garage,Brisbane MINI Garage,car,-27.4552289,153.0362733,AU
Mercedes-Benz,Mercedes-Benz,car,-27.4548402,153.0366836,AU
Tarragindi Hot Bread,Tarragindi Hot Bread,bakery,-27.5304343,153.0421842,AU
Cafe Cortado,Cafe Cortado,cafe,-27.4436519,153.0087716,AU
BCF,BCF,outdoor,-27.4715604,153.1006686,AU
CBD Kitchen,CBD Kitchen,cafe,-27.4684295,153.0197365,AU
Route 66,Route 66,convenience,-27.3974187,153.0552312,AU
Morningside Thai,Morningside Thai,restaurant,-27.4695796,153.0698222,AU
Thynne Road Deli & Cafe,Thynne Road Deli & Cafe,cafe,-27.4689874,153.0699976,AU
Hawthorne Hot Bread & Cake,Hawthorne Hot Bread & Cake,bakery,-27.4654286,153.0645097,AU
Brik Market,Brik Market,clothes,-27.4810024,153.0115081,AU
Mick's Nuts,Mick's Nuts,deli,-27.4805872,153.0071873,AU
Gunshop Cafe,Gunshop Cafe,restaurant,-27.4773254,153.0124723,AU
Ugees Espresso,Ugees Espresso,cafe,-27.4779876,153.0127324,AU
The Fig Tree Deli,The Fig Tree Deli,deli,-27.5006819,153.0765072,AU
Idyllic Beauty,Idyllic Beauty,beauty,-27.5006841,153.0759776,AU
Espial,Espial,random_crap,-27.5006917,153.0760343,AU
Pizza Capers,Pizza Capers,restaurant,-27.5006391,153.0767942,AU
West End Garden,West End Garden,restaurant,-27.4766068,153.0138423,AU
West End Coffeehouse,West End Coffeehouse,cafe,-27.4808157,153.0117261,AU
Era Cafe,Era Cafe,cafe,-27.4753883,153.0161255,AU
Cav Road Tobacco & Gift,Cav Road Tobacco & Gift,tobacco,-27.5067763,153.0630092,AU
Sitar,Sitar,restaurant,-27.5068142,153.0630732,AU
Flute,Flute,cafe,-27.5065792,153.063558,AU
Cream Patisserie,Cream Patisserie,bakery,-27.5065315,153.0634857,AU
Vanilla House,Vanilla House,houseware,-27.5064895,153.0634219,AU
Sultans Kitchen,Sultans Kitchen,restaurant,-27.5064538,153.0632976,AU
Universal Store,Universal Store,clothes,-27.4701282,153.0259179,AU
Cycle2City,Cycle2City,bicycle,-27.4677126,153.0232148,AU
Shambhala Espresso,Shambhala Espresso,cafe,-27.4078958,153.047052,AU
Siam Samrarn,Siam Samrarn,restaurant,-27.4766771,153.0123228,AU
Little Rice Bowl,Little Rice Bowl,restaurant,-27.4926762,152.9797453,AU
Multihull Yacht Sales Australia,Multihull Yacht Sales Australia,toys,-27.4538675,153.1860423,AU
5 Dogs,5 Dogs,restaurant,-27.4777727,152.9891691,AU
Maharani Indian Restaurant & Takeaway,Maharani Indian Restaurant & Takeaway,restaurant,-27.3488762,153.0606548,AU
Golden Bamboo Chinese Restaurant,Golden Bamboo Chinese Restaurant,restaurant,-27.3528309,153.0608211,AU
NightOwl Convenience Store,NightOwl Convenience Store,supermarket,-27.3833763,153.0639077,AU
The Coffee Club,The Coffee Club,cafe,-27.4675717,153.0938276,AU
Lagoon Coffee Lounge,Lagoon Coffee Lounge,cafe,-27.3204076,153.0682028,AU
Hoffy Cycles,Hoffy Cycles,bicycle,-27.3212007,153.0697344,AU
Simply Duo,Simply Duo,cafe,-27.474067,153.0268741,AU
Lil Luca,Lil Luca,cafe,-27.4724402,153.0281956,AU
Ride Inn,Ride Inn,bicycle,-27.3751081,153.0620074,AU
Margret Street Bar and Bistro,Margret Street Bar and Bistro,restaurant,-27.472231,153.0285116,AU
Port Office Dining Room,Port Office Dining Room,restaurant,-27.4716872,153.0297791,AU
Olive & Angelo,Olive & Angelo,restaurant,-27.4720112,153.0300724,AU
Walters Steakhouse,Walters Steakhouse,restaurant,-27.4721014,153.0303895,AU
Moo Moo,Moo Moo,restaurant,-27.4715051,153.0303055,AU
Air Niugini,Air Niugini,travel_agency,-27.4652243,153.0289269,AU
Fish and Chips,Fish and Chips,seafood,-27.5065017,152.9483001,AU
Han Woo Ri,Han Woo Ri,restaurant,-27.4722294,153.0268756,AU
K-POCHA,K-POCHA,restaurant,-27.4721663,153.0269641,AU
Black Fire,Black Fire,restaurant,-27.4721489,153.0274694,AU
Punch Espresso Bar,Punch Espresso Bar,cafe,-27.4711154,153.0289568,AU
Kabuki,Kabuki,restaurant,-27.4710145,153.0305754,AU
Boardroom Cafe,Boardroom Cafe,cafe,-27.4707331,153.0302162,AU
Cafe B'loc,Cafe B'loc,cafe,-27.4698283,153.0298828,AU
Instyle Glamour Beauty Salon,Instyle Glamour Beauty Salon,beauty,-27.4513847,153.0111248,AU
Inker Tattoo Studio,Inker Tattoo Studio,tattoo,-27.4512774,153.011118,AU
Glamour Beauty Salon,Glamour Beauty Salon,hairdresser,-27.4511539,153.0111367,AU
Phúc Deli Viet,Phúc Deli Viet,restaurant,-27.4685386,153.0244718,AU
Retrograde Hair,Retrograde Hair,hairdresser,-27.5236287,153.0702389,AU
The Bread Corner,The Bread Corner,bakery,-27.5188046,153.0965508,AU
IGA Carindale,IGA Carindale,supermarket,-27.5187425,153.0960599,AU
Roman Empire Bar-Restaurant,Roman Empire Bar-Restaurant,restaurant,-27.5183007,153.096623,AU
Muir Marine,Muir Marine,ship_chandler,-27.4536439,153.1860047,AU
Oliver's,Oliver's,restaurant,-27.4539437,153.1863641,AU
Lota,Lota,convenience,-27.4674581,153.1912772,AU
Paddington Curry House,Paddington Curry House,restaurant,-27.458079,152.9953,AU
Gnocchi Gnocchi Brothers,Gnocchi Gnocchi Brothers,restaurant,-27.479454,153.022574,AU
Toscanis,Toscanis,restaurant,-27.4369245,153.0076272,AU
Mojo Cafe,Mojo Cafe,cafe,-27.4372082,153.0081584,AU
Sola Cafe Bar & Restaurant,Sola Cafe Bar & Restaurant,restaurant,-27.4588877,152.9976803,AU
Ginza Sushi,Ginza Sushi,restaurant,-27.4586357,152.9980448,AU
Caxton Audio,Caxton Audio,hifi,-27.4600243,153.0018481,AU
Blis Ecowear,Blis Ecowear,clothes,-27.4598738,153.0020352,AU
Inza,Inza,shoes;clothes,-27.4597357,153.0019815,AU
Michelle's Skin & Body Solutions,Michelle's Skin & Body Solutions,beauty,-27.4596524,153.0015416,AU
Marinara Cafe & Restaurant,Marinara Cafe & Restaurant,restaurant,-27.4594783,153.0013142,AU
Inch Hairdressing,Inch Hairdressing,hairdresser,-27.4594408,153.0011468,AU
The Guitar Shop,The Guitar Shop,musical_instrument,-27.4592264,153.0011473,AU
Simply for Strings,Simply for Strings,musical_instrument,-27.4555992,153.0024643,AU
Brisbane Brass and Woodwind,Brisbane Brass and Woodwind,musical_instrument,-27.4527525,153.0041031,AU
V'bonnie,V'bonnie,hairdresser,-27.4528025,153.004079,AU
Kids on the Terrace,Kids on the Terrace,clothes,-27.4529406,153.0039798,AU
Mayfield Chocolates,Mayfield Chocolates,chocolate,-27.4582435,152.9946351,AU
Frank's Social Club,Frank's Social Club,cafe,-27.4582822,152.9949851,AU
The Java Lounge,The Java Lounge,cafe,-27.4582632,152.99479,AU
Carl Scholtz Gun Smith,Carl Scholtz Gun Smith,gun,-27.4522994,153.004482,AU
Biagio,Biagio,restaurant,-27.4531181,153.00563,AU
Holmes Stubbings Accounting,Holmes Stubbings Accounting,accountant,-27.4530491,153.0055361,AU
Sissons Estate Agents,Sissons Estate Agents,estate_agent,-27.4531705,153.0056997,AU
Goldie Locks and the two buys,Goldie Locks and the two buys,hairdresser,-27.4529111,153.005351,AU
Embroidery,Embroidery,clothes,-27.4532324,153.0051955,AU
Mamm's Thai Noodle and Rice,Mamm's Thai Noodle and Rice,restaurant,-27.4547343,153.0066224,AU
Onsight Coffee Bar,Onsight Coffee Bar,cafe,-27.45482,153.0066519,AU
ITP,ITP,accountant,-27.4546986,153.0065124,AU
Persian Carpet Art Centre,Persian Carpet Art Centre,carpet,-27.4555649,153.007427,AU
Amazing Clean,Amazing Clean,yes,-27.4554911,153.0075263,AU
Annie's Laundromat,Annie's Laundromat,laundry,-27.4557363,153.0075826,AU
240 Electrical,240 Electrical,electrician,-27.4556292,153.0076953,AU
Party Domain,Party Domain,party,-27.4554126,153.0073144,AU
Guitar Brothers,Guitar Brothers,musical_instrument,-27.4565644,153.0094581,AU
Animato,Animato,musical_instrument,-27.4565647,153.009363,AU
Silky Oak Furnature,Silky Oak Furnature,antiques,-27.4560457,153.0079581,AU
Lily Pond,Lily Pond,restaurant,-27.5241231,153.0814943,AU
Chic hair,Chic hair,hairdresser,-27.5240673,153.0811709,AU
Cutting Quarters,Cutting Quarters,hairdresser,-27.5240354,153.0808296,AU
Seafood Platter,Seafood Platter,restaurant,-27.5239797,153.0806859,AU
Dil Campo Espresso,Dil Campo Espresso,cafe,-27.4525694,153.0141566,AU
Cut & Edge,Cut & Edge,hairdresser,-27.4536529,153.0143131,AU
Feli Z Dama Nails,Feli Z Dama Nails,beauty,-27.4536609,153.0144024,AU
Kelvin Grove Hot Bread,Kelvin Grove Hot Bread,bakery,-27.4540203,153.0137973,AU
Southern Seoul,Southern Seoul,restaurant,-27.4540652,153.0141851,AU