name,name_en,service_type,lat,lng,country_code
Silvio Romero Plaza,Silvio Romero Plaza,mall,-23.5472892,-46.5727729,BR
Auto Shopping Cidade Morumbi,Auto Shopping Cidade Morumbi,car,-23.6290122,-46.7172027,BR
Artesanal,Artesanal,restaurant,-23.5454466,-46.56614,BR
Gauchão,Gauchão,restaurant,-23.5273007,-46.5769501,BR
Ninim,Ninim,car_repair,-23.5816153,-46.579612,BR
Shell,Shell,fuel,-23.5923032,-46.6482904,BR
Restaurante Ches,Restaurante Ches,restaurant,-23.5569597,-46.750093,BR
choperia siri bar,choperia siri bar,restaurant,-23.5373131,-46.6843487,BR
Horiginal Modelismo,Horiginal Modelismo,hobby;*,-23.5404151,-46.6511328,BR
Posto Atacadão,Posto Atacadão,fuel,-23.5376117,-46.5812395,BR
Speed Fly Modelismo,Speed Fly Modelismo,toys,-23.5465065,-46.5646782,BR
Santa Panela espetinhos,Santa Panela espetinhos,restaurant,-23.5528955,-46.5647469,BR
Sachinha,Sachinha,restaurant,-23.5508642,-46.6967618,BR
El Kabong Grill,El Kabong Grill,restaurant,-23.5657001,-46.6834399,BR
Hipermercado Zaffari,Hipermercado Zaffari,supermarket,-23.5270296,-46.6806689,BR
Volvo Vocal,Volvo Vocal,car,-23.5072782,-46.7036196,BR
Rycoy Supermercado,Rycoy Supermercado,supermarket,-23.6525319,-46.7337329,BR
Sonho Árabe,Sonho Árabe,restaurant,-23.6313559,-46.7057252,BR
Casa do Pão de Queijo,Casa do Pão de Queijo,cafe,-23.5135921,-46.6546907,BR
Sonda Hipermercado,Sonda Hipermercado,supermarket,-23.5252608,-46.5467876,BR
Maria Cereja,Maria Cereja,bakery,-23.4610225,-46.5280729,BR
Maria Paula Bar e Restaurante,Maria Paula Bar e Restaurante,restaurant,-23.5520829,-46.6383065,BR
Tanka,Tanka,restaurant,-23.555258,-46.6351745,BR
Ikesaki Cosméticos,Ikesaki Cosméticos,cosmetics,-23.5542083,-46.635576,BR
Carrefour Express,Carrefour Express,convenience,-23.5530529,-46.6349356,BR
Marisa,Marisa,clothes,-23.5480751,-46.6360482,BR
Rei do Mate,Rei do Mate,cafe,-23.5428079,-46.6391582,BR
BMW,BMW,car,-23.5511165,-46.5674564,BR
Mori Sushi,Mori Sushi,restaurant,-23.5630465,-46.6708263,BR
Casa das Essencias,Casa das Essencias,chemist,-23.5516637,-46.6304296,BR
Oficina Mecanica,Oficina Mecanica,car_repair,-23.552099,-46.6280791,BR
Açougue,Açougue,butcher,-23.5525049,-46.6275166,BR
Mercadinho,Mercadinho,supermarket,-23.5524103,-46.6275785,BR
Banca,Banca,newsagent,-23.5523307,-46.6275927,BR
Posto Maserati,Posto Maserati,fuel,-23.5474499,-46.626073,BR
Posto Shell - Auto Posto Arinella Brooklin Ltda,Posto Shell - Auto Posto Arinella Brooklin Ltda,fuel,-23.6298095,-46.6871084,BR
Zero Bala Auto Posto,Zero Bala Auto Posto,fuel,-23.6232771,-46.6826387,BR
Pobre Juan,Pobre Juan,restaurant,-23.5937983,-46.6778126,BR
Ekoa Café,Ekoa Café,cafe,-23.5592263,-46.6891582,BR
Sacolão Saúde,Sacolão Saúde,supermarket,-23.5369328,-46.65159,BR
Pizzaria Leonna,Pizzaria Leonna,restaurant,-23.6241305,-46.679635,BR
AR Motors Renault,AR Motors Renault,car,-23.6624357,-46.7102201,BR
Juanita,Juanita,restaurant,-23.5579392,-46.663391,BR
Americanas Express,Americanas Express,department_store,-23.5603068,-46.6379515,BR
Alfaiataria Magnata,Alfaiataria Magnata,tailor,-23.5544603,-46.6295045,BR
Mercadinho En Qin,Mercadinho En Qin,market,-23.5546066,-46.6287111,BR
Mercedes-Benz Servicos,Mercedes-Benz Servicos,car_repair,-23.5550906,-46.6286281,BR
Dia,Dia,supermarket,-23.5402673,-46.6506528,BR
Petz,Petz,doityourself,-23.5575207,-46.5717945,BR
Mercado Extra,Mercado Extra,supermarket,-23.5438102,-46.5575259,BR
Espaço X,Espaço X,utilities,-23.5492813,-46.5634852,BR
Pomar da Vila,Pomar da Vila,greengrocer,-23.533988,-46.5658757,BR
Degas Restaurante e Churascaria,Degas Restaurante e Churascaria,restaurant,-23.5566344,-46.6760952,BR
Santa Gema,Santa Gema,supermarket,-23.6013061,-46.6439567,BR
Dinos,Dinos,restaurant,-23.5967934,-46.6423796,BR
Veneza,Veneza,restaurant,-23.597645,-46.6424628,BR
Bela Madalena,Bela Madalena,bakery,-23.5498087,-46.683097,BR
Merceira São Pedro,Merceira São Pedro,restaurant,-23.5503074,-46.6896958,BR
Santa Marta Pães,Santa Marta Pães,bakery,-23.5476092,-46.6891653,BR
Excellence Bar e Restaurante,Excellence Bar e Restaurante,restaurant,-23.5571585,-46.6755567,BR
Obsessão,Obsessão,restaurant,-23.4885123,-46.749261,BR
Shopia,Shopia,restaurant,-23.5543387,-46.6763723,BR
Canto Madalena,Canto Madalena,restaurant,-23.5534694,-46.6857999,BR
Pão de Açúcar,Pão de Açúcar,supermarket,-23.5372244,-46.6782558,BR
Morro da Villa Bar e Restaurante‎,Morro da Villa Bar e Restaurante‎,restaurant,-23.5530479,-46.6883078,BR
Jacaré Grill‎,Jacaré Grill‎,restaurant,-23.5553763,-46.6880427,BR
Matterello Pau de Macarrão‎,Matterello Pau de Macarrão‎,restaurant,-23.5581626,-46.6885148,BR
Pizzaria Pizzabella‎,Pizzaria Pizzabella‎,restaurant,-23.5533916,-46.6884007,BR
Deliparis‎,Deliparis‎,convenience,-23.5539938,-46.6887695,BR
ST. Etiene,ST. Etiene,bakery,-23.5523057,-46.6901706,BR
Padaria Rodésia,Padaria Rodésia,bakery,-23.5508777,-46.6901345,BR
econ,econ,supermarket,-23.5882375,-46.6305984,BR
Restaurante Donatela,Restaurante Donatela,restaurant,-23.6256776,-46.6851401,BR
Kopenhagen,Kopenhagen,chocolate,-23.623071,-46.6823715,BR
As Véia - O Velhão,As Véia - O Velhão,restaurant,-23.4299863,-46.6567175,BR
Galeria Barão,Galeria Barão,clothes,-23.5584929,-46.635445,BR
VIP Store,VIP Store,clothes,-23.5582384,-46.6351721,BR
Soho Profissional,Soho Profissional,hairdresser,-23.5656925,-46.6532729,BR
Lavanderia Lavíssima,Lavanderia Lavíssima,laundry,-23.5701433,-46.6530701,BR
Restaurante Sinha'na,Restaurante Sinha'na,restaurant,-23.5720041,-46.656532,BR
Nobar,Nobar,restaurant,-23.5731694,-46.6577096,BR
Carnes Florida,Carnes Florida,butcher,-23.5732236,-46.657738,BR
Restaurante Trattoria do Pietro,Restaurante Trattoria do Pietro,restaurant,-23.5743125,-46.6587299,BR
Livraria Martins Fontes,Livraria Martins Fontes,books,-23.5682361,-46.6486354,BR
Cabeleireiros Junkos Hair Design,Cabeleireiros Junkos Hair Design,hairdresser,-23.568465,-46.6489945,BR
Lavanderia My Landry,Lavanderia My Landry,laundry,-23.5688603,-46.6490758,BR
Washoi,Washoi,restaurant,-23.5686122,-46.649197,BR
Restaurante Diner´s,Restaurante Diner´s,restaurant,-23.5689928,-46.6491029,BR
Baroni,Baroni,shoes,-23.568465,-46.6491709,BR
Natural Da Terra,Natural Da Terra,supermarket,-23.5695453,-46.6494263,BR
Restaurante Natural,Restaurante Natural,restaurant,-23.5703788,-46.6484915,BR
Cabeleleiros New Century,Cabeleleiros New Century,hairdresser,-23.56942,-46.6490638,BR
Bomboniére,Bomboniére,confectionery,-23.569313,-46.6492,BR
Restaurante Comida Chinesa,Restaurante Comida Chinesa,restaurant,-23.5682526,-46.6502366,BR
New Hair,New Hair,hairdresser,-23.5674189,-46.6516403,BR
Starbucks,Starbucks,cafe,-23.5659178,-46.6530161,BR
La Cabaleriza,La Cabaleriza,restaurant,-23.5660082,-46.6535446,BR
Alfajores Itati,Alfajores Itati,confectionery,-23.5699902,-46.6516763,BR
Teca,Teca,hairdresser,-23.5698577,-46.6521874,BR
Rotisserie Santa Gema,Rotisserie Santa Gema,restaurant,-23.5702482,-46.6547807,BR
Fran's Café,Fran's Café,cafe,-23.5698287,-46.6567898,BR
Lavanderia Affinité,Lavanderia Affinité,laundry,-23.5702634,-46.6573109,BR
Restaurante Orange,Restaurante Orange,restaurant,-23.57033,-46.656999,BR
Pizzaria Delluccio,Pizzaria Delluccio,restaurant,-23.5710717,-46.6564156,BR
Posto Shell - Centro Automotivo Água Espraiada Ltda,Posto Shell - Centro Automotivo Água Espraiada Ltda,fuel,-23.6274613,-46.6748607,BR
Amazonas,Amazonas,car,-23.6194289,-46.6967871,BR
Jaguar,Jaguar,car,-23.6196472,-46.697662,BR
Hyundai,Hyundai,car,-23.6192379,-46.6975206,BR
Kennel Club,Kennel Club,pet,-23.6278846,-46.6933633,BR
Santa Marcelina,Santa Marcelina,restaurant,-23.6336574,-46.6908932,BR
Bexp Jeep Brooklin,Bexp Jeep Brooklin,car,-23.6188248,-46.6968821,BR
Renault,Renault,car,-23.6216797,-46.6894332,BR
ampm,ampm,convenience,-23.5930986,-46.6370091,BR
Cantina D'elia,Cantina D'elia,restaurant,-23.4835507,-46.5423053,BR
Dallas Churrascaria,Dallas Churrascaria,restaurant,-23.4688951,-46.5214389,BR
C&A,C&A,clothes,-23.4704246,-46.5304405,BR
Carrefour,Carrefour,supermarket,-23.6136649,-46.7755645,BR
Quiosque,Quiosque,kiosk,-23.6061043,-46.7193679,BR
Barello Burguer,Barello Burguer,restaurant,-23.5246382,-46.7328202,BR
Padaria Dona Deola,Padaria Dona Deola,bakery,-23.5402542,-46.690438,BR
Bicicletaria do Luciano,Bicicletaria do Luciano,bicycle,-23.5703287,-46.7258775,BR
Telhanorte,Telhanorte,hardware,-23.6192226,-46.6286053,BR
Cantinho do Meio Dia,Cantinho do Meio Dia,restaurant,-23.6079194,-46.7562283,BR
Leroy Merlin,Leroy Merlin,doityourself,-23.609476,-46.5643795,BR
Fiat,Fiat,car,-23.6057843,-46.5684469,BR
BMW Autostar,BMW Autostar,car,-23.6005933,-46.6780401,BR
Padaria Leiriense,Padaria Leiriense,bakery,-23.6055093,-46.6927139,BR
Ford CAOA,Ford CAOA,car,-23.6236078,-46.6401213,BR
Cheirin Bão,Cheirin Bão,cafe,-23.634987,-46.7118861,BR
Padaria Samara,Padaria Samara,bakery,-23.6394205,-46.5543596,BR
Prueba,Prueba,restaurant,-23.5520663,-46.64585,BR
Sete Mares,Sete Mares,restaurant,-23.6451385,-46.5751014,BR
Bandejão EACH,Bandejão EACH,restaurant,-23.4817222,-46.5011301,BR
Café e Arte,Café e Arte,restaurant,-23.5506396,-46.6239852,BR
China da Serra,China da Serra,restaurant,-23.6076052,-46.7546109,BR
Gaúchos Bar & Restaurante,Gaúchos Bar & Restaurante,restaurant,-23.6077122,-46.7547678,BR
Conjunto Comercial Maria Cunha,Conjunto Comercial Maria Cunha,convenience,-23.6067942,-46.7541388,BR
Cristal Automóveis,Cristal Automóveis,car,-23.6070596,-46.7544017,BR
Restaurante Komilão,Restaurante Komilão,restaurant,-23.6040711,-46.7505981,BR
Casas Bahia,Casas Bahia,convenience,-23.6084901,-46.7552491,BR
Mascarino,Mascarino,restaurant,-23.5895476,-46.629629,BR
Eletro Idasa,Eletro Idasa,doityourself,-23.54066,-46.5577412,BR
Supermercado Real,Supermercado Real,supermarket,-23.4724428,-46.7423819,BR
Zazou Moda Gestante,Zazou Moda Gestante,clothes,-23.6004532,-46.6634489,BR
Padaria Caiubi,Padaria Caiubi,bakery,-23.6844381,-46.5392872,BR
Padaria Paraíso,Padaria Paraíso,bakery,-23.673999,-46.534377,BR
Padaria Jardim Oriental,Padaria Jardim Oriental,bakery,-23.6870112,-46.5352593,BR
Tent Beach,Tent Beach,clothes,-23.6623261,-46.5299742,BR
Bela Paraíso,Bela Paraíso,bakery,-23.6809183,-46.5426885,BR
Padaria Pilar,Padaria Pilar,bakery,-23.6768714,-46.543585,BR
Sacolão Bidu,Sacolão Bidu,greengrocer,-23.6616802,-46.7795267,BR
Padaria e Pizzaria;Nova Fantástica,Padaria e Pizzaria;Nova Fantástica,bakery,-23.6616586,-46.7797444,BR
C&C,C&C,general,-23.6340863,-46.6283369,BR
Estância Churrascaria,Estância Churrascaria,restaurant,-23.5390446,-46.7739818,BR
Rincão Gaúcho Grill,Rincão Gaúcho Grill,restaurant,-23.540097,-46.7707846,BR
Koban,Koban,restaurant,-23.6019727,-46.6624822,BR
Saga supermercado,Saga supermercado,supermarket,-23.55457,-46.6475706,BR
Mini Mercado Extra,Mini Mercado Extra,convenience,-23.547662,-46.6458516,BR
Pneu Asturia,Pneu Asturia,tyres,-23.5409049,-46.7012521,BR
Supermercado Bom Vizinho,Supermercado Bom Vizinho,convenience,-23.5356548,-46.7022009,BR
Celeste,Celeste,convenience,-23.5372407,-46.7063805,BR
Leticia,Leticia,bakery,-23.5400246,-46.7043281,BR
Na Moral Restaurante,Na Moral Restaurante,restaurant,-23.608311,-46.6027307,BR
Padaria Estela,Padaria Estela,bakery,-23.6790984,-46.5344736,BR
Casa Anro,Anro House,restaurant,-23.5871151,-46.6409433,BR
Centro Acadêmico Mecânica,Centro Acadêmico Mecânica,alcohol,-23.55293,-46.7291189,BR
Cantina D'Amico Piolin,Cantina D'Amico Piolin,restaurant,-23.5510136,-46.6490556,BR
Soroko,Soroko,ice_cream,-23.5509945,-46.6489897,BR
Famiglia Moretti,Famiglia Moretti,restaurant,-23.6058938,-46.618681,BR
Algarve Padaria,Algarve Padaria,bakery,-23.466885,-46.6400197,BR
Depósito Caiubi,Depósito Caiubi,doityourself,-23.6836036,-46.5400441,BR
Mercadinho São Sebastião,Mercadinho São Sebastião,supermarket,-23.6837381,-46.5399429,BR
Vila Florença,Vila Florença,bakery,-23.5789245,-46.6288611,BR
Top Center Shopping,Top Center Shopping,mall,-23.5658304,-46.6508381,BR
Supermercado Rod&Raf,Supermercado Rod&Raf,supermarket,-23.6002344,-46.7953291,BR
Aerobeer,Aerobeer,restaurant,-23.6244732,-46.6627979,BR
5àsec,5àsec,dry_cleaning,-23.558952,-46.569129,BR
Issa,Issa,car,-23.558883,-46.568825,BR
No Carvão,No Carvão,restaurant,-23.5697743,-46.5874652,BR
Makis Temakeria,Makis Temakeria,restaurant,-23.6329118,-46.6917801,BR
O Mourisco Pizzaria,O Mourisco Pizzaria,restaurant,-23.6446596,-46.7032002,BR
Empório São Pedro,Empório São Pedro,convenience,-23.5881009,-46.7391163,BR
Sacolão Butantã,Sacolão Butantã,greengrocer,-23.5890243,-46.7376957,BR
Muralhas Grill,Muralhas Grill,restaurant,-23.5871674,-46.7370388,BR
Padaria Maria da Fonte,Padaria Maria da Fonte,bakery,-23.5871585,-46.737011,BR
Supermercado Extra,Supermercado Extra,supermarket,-23.6116455,-46.6284905,BR
Bar da Piscina,Bar da Piscina,restaurant,-23.5947018,-46.6522327,BR
Ciclo A3,Ciclo A3,bicycle,-23.5658655,-46.5889084,BR
Sushi da Moka,Sushi da Moka,restaurant,-23.5686408,-46.5885151,BR
Aveiro,Aveiro,bakery,-23.6407891,-46.6672546,BR
Piriquito,Piriquito,bakery,-23.6459882,-46.6637999,BR
Bom Sabor,Bom Sabor,restaurant,-23.6243754,-46.6625207,BR
Churrascaria Savana,Churrascaria Savana,restaurant,-23.6243068,-46.6619786,BR
Gopala Mãdahva,Gopala Mãdahva,restaurant,-23.5560353,-46.6586169,BR
Street Cafe,Street Cafe,cafe,-23.6139753,-46.5717738,BR
Restaurante Formosa,Restaurante Formosa,restaurant,-23.6131004,-46.5718167,BR
Paralelo 19,Paralelo 19,restaurant,-23.6142849,-46.5713393,BR
Auto Posto Santa Clara de Assis,Auto Posto Santa Clara de Assis,fuel,-23.4717115,-46.705914,BR
Extra Supermercados,Extra Supermercados,supermarket,-23.4760563,-46.7035,BR
Supermercados Dia,Supermercados Dia,supermarket,-23.4767008,-46.7042671,BR
Padaria Cigana,Padaria Cigana,bakery,-23.4878647,-46.6977762,BR
Supermercado Takara,Supermercado Takara,supermarket,-23.4845936,-46.7006968,BR
Padaria Manhattan,Padaria Manhattan,bakery,-23.6121194,-46.6791748,BR
Tennessee,Tennessee,butcher,-23.6130385,-46.6800063,BR
Alô Bêbe,Alô Bêbe,toys,-23.6099026,-46.6869264,BR
Uffizi,Uffizi,restaurant,-23.6140806,-46.6819643,BR
Origami Sushi,Origami Sushi,restaurant,-23.6149991,-46.5705719,BR
Beto's Supermercado,Beto's Supermercado,supermarket,-23.4336759,-46.7145275,BR
Sonda Supermercado,Sonda Supermercado,supermarket,-23.5820894,-46.5926246,BR
Padaria Maria Luiza,Padaria Maria Luiza,bakery,-23.5715115,-46.5904587,BR
Pizzaria San Carlo,Pizzaria San Carlo,restaurant,-23.5782691,-46.5862801,BR
Fran's Cafe,Fran's Cafe,cafe,-23.5788223,-46.5866206,BR
Pizzaria O Glutão,Pizzaria O Glutão,restaurant,-23.5782729,-46.5872695,BR
Mecânica Giovanni's,Mecânica Giovanni's,car_repair,-23.5781978,-46.587538,BR
Juventos,Juventos,restaurant,-23.5773625,-46.5916788,BR
Foschini Veiculos,Foschini Veiculos,car,-23.5728138,-46.5886061,BR
Padaria Monte Líbano,Padaria Monte Líbano,bakery,-23.5652343,-46.5948972,BR
Studio Kelly,Studio Kelly,beauty,-23.5739298,-46.5872435,BR
Yamauchi,Yamauchi,supermarket,-23.5664223,-46.597925,BR
Pizzaria São Pedro,Pizzaria São Pedro,restaurant,-23.5541192,-46.6027853,BR
Poncho Verde,Poncho Verde,restaurant,-23.6265494,-46.7368655,BR
Sacolão da Saude,Sacolão da Saude,supermarket,-23.6307664,-46.6047713,BR
Terra Roxa,Terra Roxa,restaurant,-23.5705398,-46.6984329,BR
Urbe Café,Urbe Café,cafe,-23.5560155,-46.6584189,BR
Hamburgueria 162,Hamburgueria 162,restaurant,-23.5568208,-46.6590068,BR
Augusta Bakery St.,Augusta Bakery St.,restaurant,-23.5521679,-46.6530923,BR
Panificadora Gold - Since 1982 - Tradição e Qualidade,Panificadora Gold - Since 1982 - Tradição e Qualidade,bakery,-23.6110649,-46.6206336,BR
Padaria Karina,Padaria Karina,bakery,-23.6221777,-46.5330186,BR
Padaria Utinga,Padaria Utinga,bakery,-23.6226291,-46.538975,BR
Supermercado Yamauchi,Supermercado Yamauchi,supermarket,-23.5963456,-46.5748192,BR
Fiorella,Fiorella,bakery,-23.6026981,-46.6178521,BR
Padaria São José,Padaria São José,bakery,-23.6053543,-46.574746,BR
Monte Blanco,Monte Blanco,bakery,-23.6260222,-46.6190165,BR
Nahamalho,Nahamalho,restaurant,-23.5331194,-46.6773515,BR
Olivo Espetu's bar,Olivo Espetu's bar,restaurant,-23.5339183,-46.6729498,BR
Tânia's Cafe,Tânia's Cafe,cafe,-23.5341983,-46.6725904,BR
Sushibol,Sushibol,restaurant,-23.5367844,-46.6687367,BR
Nova Charmosa,Nova Charmosa,bakery,-23.5356725,-46.6704075,BR
Casa dos Filtros,Casa dos Filtros,hardware,-23.5350878,-46.6712879,BR
Le Pain Quotidien,Le Pain Quotidien,cafe,-23.5830802,-46.6813934,BR
Garden's,Garden's,hairdresser,-23.5700939,-46.6593223,BR
Agatha Cabeleireiros,Agatha Cabeleireiros,hairdresser,-23.5699551,-46.6592287,BR
Posto de Gasolina Brasão,Posto de Gasolina Brasão,fuel,-23.5228416,-46.514952,BR
Padaria Vitória Régia,Padaria Vitória Régia,bakery,-23.674545,-46.5131567,BR
Merquatro Mini Mercado,Merquatro Mini Mercado,convenience,-23.6776886,-46.5104262,BR
Multicoisas,Multicoisas,doityourself,-23.6138546,-46.7411681,BR
Daytona Carnes,Daytona Carnes,butcher,-23.6135744,-46.7427228,BR
Sacolão do Morumbi,Sacolão do Morumbi,greengrocer,-23.615086,-46.7403467,BR
Panificadora e Confeitaria Nobre Pão Ltda.,Panificadora e Confeitaria Nobre Pão Ltda.,bakery,-23.6322537,-46.6046353,BR
Padaria Charme,Padaria Charme,bakery,-23.5879874,-46.6427407,BR
Extra Supermercado,Extra Supermercado,supermarket,-23.5577098,-46.6400676,BR
Casa Lotérica,Casa Lotérica,lottery,-23.5520237,-46.6339313,BR
Coop - Cooperativa de Consumo,Coop - Cooperativa de Consumo,supermarket,-23.6754876,-46.5226735,BR
Zelia Carvalho Modas,Zelia Carvalho Modas,clothes,-23.596158,-46.5717821,BR
Karen Padaria,Karen Padaria,bakery,-23.5981196,-46.5708303,BR
Nakato Sushi Restaurante,Nakato Sushi Restaurante,restaurant,-23.5961654,-46.5722729,BR
Mercearia do Alto,Mercearia do Alto,restaurant,-23.6445184,-46.6969172,BR
Supermercado Lopesa,Supermercado Lopesa,supermarket,-23.5479,-46.7762604,BR
Açougue Torrão,Açougue Torrão,butcher,-23.5481655,-46.776534,BR
Pimenta Verde,Pimenta Verde,restaurant,-23.6074323,-46.6950648,BR
Nicecup,Nicecup,cafe,-23.5936667,-46.6246335,BR
Tutta Gula,Tutta Gula,restaurant,-23.6064819,-46.6919521,BR
Los 3 Amigos,Los 3 Amigos,restaurant,-23.6042045,-46.6662238,BR
Tantra,Tantra,restaurant,-23.5943447,-46.6829915,BR
Nova Suzy,Nova Suzy,bakery,-23.6907253,-46.7102963,BR
La Donna Restaurante,La Donna Restaurante,restaurant,-23.689482,-46.5222318,BR
AFMC Parafusos e Ferragens,AFMC Parafusos e Ferragens,doityourself,-23.6909446,-46.5218516,BR
Padaria Central,Padaria Central,bakery,-23.6602602,-46.5283378,BR
Padaria Relâmpago,Padaria Relâmpago,bakery,-23.6606539,-46.5193644,BR
Master,Master,restaurant,-23.6048846,-46.6936599,BR
Garfus,Garfus,restaurant,-23.6094226,-46.6946409,BR
Droga Raia,Droga Raia,chemist,-23.465581,-46.5249456,BR
Controlar,Controlar,car_repair,-23.6327495,-46.6213846,BR
Pratus,Pratus,restaurant,-23.607119,-46.693815,BR
Yoi! Rolls & Temakis,Yoi! Rolls & Temakis,restaurant,-23.607553,-46.693256,BR
Franklin Covey,Franklin Covey,books,-23.6075626,-46.6931852,BR
Villa Grano Pães,Villa Grano Pães,bakery,-23.5974519,-46.6402969,BR
Ponto Gourmet,Ponto Gourmet,restaurant,-23.6070881,-46.6932918,BR
La Mexicana,La Mexicana,restaurant,-23.6065235,-46.6916047,BR
Tomate Cereja,Tomate Cereja,restaurant,-23.6102054,-46.6951179,BR
Celeste Flores,Celeste Flores,florist,-23.5355405,-46.6886143,BR
Trem de Minas,Trem de Minas,restaurant,-23.6063555,-46.6925517,BR
Gandara das Olimpíadas,Gandara das Olimpíadas,restaurant,-23.5976268,-46.6868041,BR
Ravenna Auto Center,Ravenna Auto Center,car_repair,-23.5976932,-46.6866109,BR
Desfrutti,Desfrutti,restaurant,-23.5981602,-46.6855729,BR
Shoestock,Shoestock,shoes,-23.598057,-46.6851491,BR
Presto Pizzaria,Presto Pizzaria,restaurant,-23.6334281,-46.6254581,BR
Flying Sushi,Flying Sushi,restaurant,-23.5415619,-46.6585951,BR
Frango com Tudo Dentro,Frango com Tudo Dentro,restaurant,-23.5404375,-46.6515966,BR
Siga la Vaca,Siga la Vaca,restaurant,-23.5404843,-46.651402,BR
Livraria Cultura,Livraria Cultura,books,-23.5433644,-46.656673,BR
Hobby Hamburger,Hobby Hamburger,restaurant,-23.5422847,-46.6716229,BR
Panelas & Pratos,Panelas & Pratos,alcohol,-23.4860354,-46.5035418,BR
Condessa,Condessa,supermarket,-23.5631795,-46.7520225,BR
Big Bread,Big Bread,bakery,-23.5398531,-46.5650604,BR
São João,São João,bakery,-23.5428226,-46.5649613,BR
Chocolândia,Chocolândia,supermarket,-23.5396702,-46.570483,BR
Padaria Perfil,Padaria Perfil,bakery,-23.5481346,-46.5631388,BR
Oba,Oba,greengrocer,-23.5474675,-46.5614305,BR
Mitsubishi,Mitsubishi,car,-23.5479988,-46.5658446,BR
La Tivoli,La Tivoli,restaurant,-23.5415368,-46.5708241,BR
Padaria Lisboa,Padaria Lisboa,bakery,-23.5462069,-46.5739851,BR
Supermercado Estrela Azul,Supermercado Estrela Azul,supermarket,-23.5323084,-46.5167189,BR
Lig Lig,Lig Lig,restaurant,-23.5022827,-46.6305363,BR
Vazia,Vazia,vacant,-23.5037831,-46.6290584,BR
Madhu,Madhu,restaurant,-23.5561062,-46.6581768,BR
Sunny Beleza & Bem Estar,Sunny Beleza & Bem Estar,beauty,-23.5292583,-46.6982609,BR
Coffee Lab,Coffee Lab,cafe,-23.5560324,-46.6914081,BR
Auto Posto Cidade,Auto Posto Cidade,fuel,-23.5497733,-46.6295333,BR
Pizzaria Ruberto's,Pizzaria Ruberto's,restaurant,-23.557468,-46.647419,BR
Consulado de Moema,Consulado de Moema,restaurant,-23.6040659,-46.6593843,BR
Dragão Kimonos,Dragão Kimonos,clothes,-23.6055293,-46.6592403,BR
ELF Moema,ELF Moema,car_repair,-23.6049148,-46.6587832,BR
Empório das Velas,Empório das Velas,furniture,-23.6041207,-46.6593178,BR
Ibirasom,Ibirasom,car_repair,-23.6048134,-46.6586835,BR
InBrasil,InBrasil,electronics,-23.6059177,-46.6581073,BR
La Cabaña,La Cabaña,restaurant,-23.6046011,-46.6586969,BR
Os Gaúchos,Os Gaúchos,restaurant,-23.6046793,-46.6587721,BR
PUC,PUC,clothes,-23.6043411,-46.6569608,BR
Preçolândia,Preçolândia,department_store,-23.5961893,-46.6223458,BR
Tateno,Tateno,supermarket,-23.5958023,-46.6222063,BR
Vitória Régia,Vitória Régia,restaurant,-23.6047153,-46.658493,BR
Allgram,Allgram,yes,-23.6031194,-46.6554338,BR
Rancho,Rancho,restaurant,-22.8967621,-43.1683095,BR
Fortaleza de Santa Cruz da Barra,Fortaleza de Santa Cruz da Barra,restaurant,-22.9385766,-43.1310176,BR
La Mole,La Mole,restaurant,-22.9115785,-43.1087792,BR
Restaurante Azumi,Restaurante Azumi,restaurant,-22.9642638,-43.1769321,BR
BR,BR,fuel,-22.9660692,-43.1754595,BR
D'oro Bijou,D'oro Bijou,clothes,-22.9296029,-43.1776441,BR
Sorvetes Itália,Sorvetes Itália,ice_cream,-22.9295962,-43.1775933,BR
Ótica Catete,Ótica Catete,optician,-22.9295762,-43.1775792,BR
Sonho dos Pés,Sonho dos Pés,shoes,-22.9293,-43.177278,BR
Casas Chamma,Casas Chamma,fabric,-22.9291412,-43.1772113,BR
Miniso,Miniso,variety_store,-22.9294917,-43.1775761,BR
Dora,Dora,general,-22.9294438,-43.177558,BR
Di Santinni,Di Santinni,clothes,-22.9289725,-43.1774459,BR
Casa Realce,Casa Realce,clothes,-22.9302259,-43.1782176,BR
Papelaria Jardim Largo do Machado,Papelaria Jardim Largo do Machado,stationery,-22.930265,-43.178357,BR
Macedônia,Macedônia,video,-22.9300882,-43.1778587,BR
Pet fun,Pet fun,pet,-22.9299636,-43.1778078,BR
O Bom Galeto,O Bom Galeto,restaurant,-22.9300159,-43.1778119,BR
Citycol,Citycol,clothes,-22.9299245,-43.1777578,BR
Gambino,Gambino,restaurant,-22.9302317,-43.1781066,BR
Paraíso do Chopp,Paraíso do Chopp,restaurant,-22.9300663,-43.1771984,BR
Botequim do Borges,Botequim do Borges,restaurant,-22.9301058,-43.1768637,BR
Vitória Decorações,Vitória Decorações,furniture,-22.9300821,-43.1769839,BR
Eletrônica Vitória,Eletrônica Vitória,electronics,-22.9300663,-43.1770697,BR
Casa & Cia.,Casa & Cia.,toys,-22.9297644,-43.1770537,BR
Thalita's Hair Design,Thalita's Hair Design,hairdresser,-22.9297637,-43.1769881,BR
Promoinfo Mix Centro,Promoinfo Mix Centro,mall;computer,-22.9070387,-43.177183,BR
Pizzaria de Icaraí,Pizzaria de Icaraí,restaurant,-22.9028026,-43.1108805,BR
Carminha Coiffeur,Carminha Coiffeur,hairdresser,-22.9022098,-43.1105911,BR
Lav Fácil,Lav Fácil,laundry,-22.902181,-43.1105531,BR
Faça Festa,Faça Festa,yes,-22.9029989,-43.1097775,BR
Nando,Nando,supermarket,-22.9027656,-43.1132585,BR
Confeitaria Colombo,Confeitaria Colombo,cafe,-22.9051703,-43.1787441,BR
Kalunga,Kalunga,stationery,-22.9048868,-43.181097,BR
Prêmio Livraria Papelaria,Prêmio Livraria Papelaria,books,-22.9027275,-43.1113419,BR
Financiadora,Financiadora,money_lender,-22.9038288,-43.1116546,BR
TIM,TIM,mobile_phone,-22.9024468,-43.1115608,BR
Honda,Honda,motorcycle,-22.9240688,-43.1779353,BR
Glória Gourmet,Glória Gourmet,restaurant,-22.9240134,-43.1773548,BR
Sofá-Cama 84,Sofá-Cama 84,furniture,-22.9240687,-43.177329,BR
Mobiliária Real,Mobiliária Real,furniture,-22.9244402,-43.1771059,BR
Princesa,Princesa,supermarket,-22.9249857,-43.1768312,BR
Rede Ultra,Rede Ultra,supermarket,-22.9260172,-43.1767601,BR
Colchões Ortobom,Colchões Ortobom,furniture,-22.925956,-43.1767631,BR
Papelaria Catete,Papelaria Catete,stationery,-22.9261426,-43.1767661,BR
Berbigão,Berbigão,restaurant,-22.9258976,-43.1767661,BR
Panificação Aliança,Panificação Aliança,bakery,-22.9365356,-43.1902817,BR
Biany Automóveis,Biany Automóveis,car,-22.9343936,-43.1871629,BR
MercaDez,MercaDez,supermarket,-22.9343765,-43.1870439,BR
HortiFruti,HortiFruti,supermarket,-22.9336632,-43.185883,BR
Bazar Sonimar,Bazar Sonimar,stationery,-22.9335356,-43.1856584,BR
Fietsrio,Fietsrio,bicycle,-22.9335147,-43.1855483,BR
Vega,Vega,clothes,-22.9334718,-43.184358,BR
Lu Fashion,Lu Fashion,clothes,-22.9332986,-43.1840695,BR
Frigorífico Palácio,Frigorífico Palácio,butcher,-22.9332357,-43.1839975,BR
SNC Sports Nutrition Center,SNC Sports Nutrition Center,supermarket,-22.9332181,-43.1839747,BR
Café e Bar Céu da Guanabara,Café e Bar Céu da Guanabara,cafe,-22.933188,-43.1839321,BR
Zona Sul,Zona Sul,supermarket,-22.9638318,-43.1714859,BR
Quiosque Ticket Center,Quiosque Ticket Center,ticket,-22.965269,-43.1730187,BR
Posto Golfe Clube,Posto Golfe Clube,fuel,-22.9982024,-43.2676087,BR
Real Astoria,Real Astoria,restaurant,-22.9488772,-43.1785387,BR
Cicle Calle,Cicle Calle,bicycle,-22.9867153,-43.1905681,BR
3 Shop,3 Shop,bicycle,-22.9863049,-43.1890382,BR
Casa Nicão,Casa Nicão,hardware,-22.950919,-43.176038,BR
Amaro,Amaro,hairdresser,-22.9515016,-43.1830056,BR
Utili Casa,Utili Casa,hardware,-22.9488824,-43.1826327,BR
Monteriu's,Monteriu's,car,-22.9470341,-43.1857025,BR
Anne,Anne,optician,-22.9508399,-43.1824009,BR
Hiper Visão,Hiper Visão,optician,-22.9511496,-43.1832428,BR
Panochelli,Panochelli,restaurant,-22.9507442,-43.1821379,BR
Café Atelier Culinário,Café Atelier Culinário,cafe,-22.9511364,-43.1826962,BR
Ponto Baby,Ponto Baby,clothes,-22.9508583,-43.1824585,BR
Versão Carioca,Versão Carioca,restaurant,-22.9506517,-43.1819165,BR
Alma Carioca,Alma Carioca,restaurant,-22.9496797,-43.1821055,BR
Pane & Dolce,Pane & Dolce,restaurant,-22.9493074,-43.1823499,BR
Lavanderia Cantuária,Lavanderia Cantuária,laundry,-22.9509245,-43.1760924,BR
Galeteria e Restaurante Botafogo,Galeteria e Restaurante Botafogo,restaurant,-22.9513664,-43.1827366,BR
Ben Ali,Ben Ali,restaurant,-22.9484843,-43.1826709,BR
Claro,Claro,mobile_phone,-22.9522198,-43.1862113,BR
Jandaia,Jandaia,laundry,-22.9515882,-43.1846861,BR
Padaria Nova Viriato,Padaria Nova Viriato,bakery,-22.9270747,-43.1794022,BR
Help Coiffeur,Help Coiffeur,hairdresser,-22.9262412,-43.1791211,BR
Le Brants,Le Brants,restaurant,-22.9347274,-43.1769409,BR
Catete 228,Catete 228,mall,-22.9282463,-43.1777778,BR
Digital Service,Digital Service,stationery,-22.8947855,-43.1195784,BR
Multimarca,Multimarca,clothes,-22.8942778,-43.1200678,BR
Carimbos,Carimbos,stationery,-22.8942665,-43.1201446,BR
Fashion Mix,Fashion Mix,clothes,-22.8942331,-43.1207141,BR
Sola e Meia,Sola e Meia,shoes,-22.8942407,-43.1205704,BR
Vanitar,Vanitar,clothes,-22.8942289,-43.1207921,BR
Moda Útil,Moda Útil,clothes,-22.8941884,-43.1212778,BR
Work Paper,Work Paper,stationery,-22.8942182,-43.1208574,BR
Mitt,Mitt,clothes,-22.894211,-43.1209365,BR
Hortelã,Hortelã,restaurant,-22.8941618,-43.1216149,BR
Ponto Frio,Ponto Frio,electronics,-22.8941751,-43.1214464,BR
Antoniu's,Antoniu's,restaurant,-22.8941419,-43.1218678,BR
Lojas Empório,Lojas Empório,clothes,-22.8941352,-43.1219521,BR
"Mercadão de 1,99","Mercadão de 1,99",convenience,-22.8941485,-43.1217835,BR
BV Financeira,BV Financeira,money_lender,-22.8941153,-43.122205,BR
Monteiro,Monteiro,restaurant,-22.894122,-43.1221207,BR
Luciu's,Luciu's,clothes,-22.8941286,-43.1220364,BR
Italiana,Italiana,restaurant,-22.894065,-43.1228271,BR
Kaufmann,Kaufmann,clothes,-22.8939734,-43.1231552,BR
Pão & Companhia,Pão & Companhia,bakery,-22.933439,-43.184269,BR
Pizzaria Bella Capri,Pizzaria Bella Capri,restaurant,-22.9324897,-43.1821846,BR
Star & Beleza,Star & Beleza,hairdresser,-22.9326791,-43.182696,BR
Dom Bosco 0km,Dom Bosco 0km,car,-22.9326631,-43.1827744,BR
Bazar Laranjeiras,Bazar Laranjeiras,hardware,-22.9328456,-43.1833641,BR
NEMA,NEMA,supermarket,-22.9328716,-43.1835182,BR
Feirinha da Moda de Laranjeiras,Feirinha da Moda de Laranjeiras,clothes,-22.9322627,-43.1816069,BR
O Expresso,O Expresso,shoes,-22.9322086,-43.1814085,BR
Petzilla,Petzilla,pet,-22.9322215,-43.1813045,BR
Toontown Video & Games,Toontown Video & Games,video,-22.9318682,-43.1801204,BR
Casa do Biscoito,Casa do Biscoito,supermarket,-22.931798,-43.1800932,BR
Cantinho de Laranjeiras,Cantinho de Laranjeiras,religion,-22.931838,-43.180213,BR
Pé & Cia.,Pé & Cia.,shoes,-22.9315788,-43.1796262,BR
Casa de Carnes Alentejo,Casa de Carnes Alentejo,butcher,-22.9317043,-43.1799449,BR
Eleven Years,Eleven Years,clothes,-22.9314398,-43.1791374,BR
Ótica Machado,Ótica Machado,optician,-22.9315059,-43.1793026,BR
Stivali,Stivali,yes,-22.931302,-43.1786523,BR
Drop's,Drop's,clothes,-22.9313309,-43.1787352,BR
Kodak Express,Kodak Express,photo,-22.9312383,-43.1783033,BR
Cariocão,Cariocão,supermarket,-22.9291332,-43.1768814,BR
Catete Grill,Catete Grill,restaurant,-22.9286774,-43.1770695,BR
American PET,American PET,pet,-22.928086,-43.1767609,BR
Graça da Villa,Graça da Villa,restaurant,-22.9251038,-43.1765412,BR
Able Car,Able Car,car_repair,-22.924885,-43.1766079,BR
Hortifruti Sol & Mar,Hortifruti Sol & Mar,greengrocer,-22.9237841,-43.1778269,BR
D'Marca,D'Marca,furniture,-22.9238307,-43.1779005,BR
Giva's Coiffeur,Giva's Coiffeur,hairdresser,-22.9238809,-43.1779895,BR
Salas Bikes,Salas Bikes,bicycle,-22.9240914,-43.1784138,BR
Luar,Luar,laundry,-22.9240495,-43.1783498,BR
Tora Esquadrias de Alumínio,Tora Esquadrias de Alumínio,furniture,-22.923985,-43.1782189,BR
Salão York,Salão York,hairdresser,-22.9269981,-43.1768205,BR
Confeitaria Santo Amaro,Confeitaria Santo Amaro,bakery,-22.9218591,-43.1771536,BR
Casas Marajó,Casas Marajó,doityourself,-22.9220653,-43.1772405,BR
Dukiko,Dukiko,hairdresser,-22.9223998,-43.177299,BR
Palácio das Lonas,Palácio das Lonas,furniture,-22.9224834,-43.1773136,BR
Renovare,Renovare,furniture,-22.9226924,-43.1773501,BR
KRM Ferragens,KRM Ferragens,hardware,-22.9227761,-43.1773647,BR
Italinea,Italinea,furniture,-22.9228597,-43.1773793,BR
Espaço Ideal,Espaço Ideal,furniture,-22.9229433,-43.177394,BR
MLE,MLE,furniture,-22.9230269,-43.1774086,BR
MB Requinte,MB Requinte,furniture,-22.9230687,-43.1774159,BR
Rodopiano,Rodopiano,furniture,-22.9231941,-43.1774378,BR
Loteria,Loteria,lottery,-22.923236,-43.1774451,BR
Modulus,Modulus,furniture,-22.9232778,-43.1774524,BR
Leandra Coiffeur,Leandra Coiffeur,hairdresser,-22.923427,-43.177473,BR
Padaria Bakery,Padaria Bakery,restaurant,-22.9120724,-43.1866864,BR
Só Fofas,Só Fofas,clothes,-22.9025122,-43.1107292,BR
Ate e Arremate,Ate e Arremate,Armarinho,-22.9024857,-43.1108367,BR
estação da casa,estação da casa,furniture,-22.9029798,-43.1079945,BR
Tinturaria Brasileira,Tinturaria Brasileira,laundry,-22.9005051,-43.1048329,BR
Ativa Restaurante,Ativa Restaurante,restaurant,-22.9010433,-43.1048526,BR
Rei do Som,Rei do Som,electronics,-22.9003823,-43.1046177,BR
Tio Walter,Tio Walter,pet_grooming,-22.9020037,-43.1031332,BR
Restaurante Bar Brasil,Restaurante Bar Brasil,restaurant,-22.912878,-43.1821393,BR
Bistrô da Lapa,Bistrô da Lapa,restaurant,-22.9127151,-43.1820602,BR
Bistrô MAC,Bistrô MAC,restaurant,-22.9077484,-43.1258559,BR
Nordene - espaço de estética e beleza,Nordene - espaço de estética e beleza,hairdresser,-22.9022361,-43.1088989,BR
Romero's Distribuidora de Bebidas,Romero's Distribuidora de Bebidas,alcohol,-22.9019509,-43.1085813,BR
Paquetá,Paquetá,shoes,-22.9287879,-43.1773445,BR
Padaria Catete,Padaria Catete,bakery,-22.9287361,-43.1773281,BR
Stylus,Stylus,clothes,-22.9286843,-43.1773116,BR
Mercatto,Mercatto,clothes,-22.9286325,-43.1772952,BR
Pontapé,Pontapé,shoes,-22.9285808,-43.1772787,BR
Tuninha,Tuninha,clothes,-22.928529,-43.1772622,BR
Cravo e Canela,Cravo e Canela,clothes,-22.9284772,-43.1772458,BR
D'Artagnan,D'Artagnan,clothes,-22.9284254,-43.1772293,BR
Losan,Losan,shoes,-22.9283319,-43.1772016,BR
Péd'art,Péd'art,shoes,-22.9282801,-43.1771851,BR
Rustin's,Rustin's,shoes,-22.9281248,-43.1771357,BR
Mundo Verde,Mundo Verde,supermarket,-22.9280212,-43.1771028,BR
Johnmark,Johnmark,clothes,-22.9279177,-43.1770699,BR
Catetelândia,Catetelândia,restaurant,-22.9278659,-43.1770535,BR
Tem Tudo,Tem Tudo,houseware,-22.9268177,-43.1767865,BR
Sai de Baixo,Sai de Baixo,clothes,-22.9266549,-43.1767785,BR
Italínea,Italínea,furniture,-22.906147,-43.1132647,BR
Bom pra Cachorro,Bom pra Cachorro,pet,-22.9058249,-43.1128901,BR
Predi Icaraí Imóveis,Predi Icaraí Imóveis,estate_agent,-22.906016,-43.1131199,BR
Goodyear Express,Goodyear Express,car_parts,-22.9274033,-43.1793906,BR
Real,Real,car,-22.9612265,-43.1759532,BR
Ciclovia Zona Sul,Ciclovia Zona Sul,bicycle,-22.9622393,-43.1754878,BR
Ortobom,Ortobom,bed,-22.9636092,-43.1777369,BR
WestFalia,WestFalia,restaurant,-22.9200361,-43.1770396,BR
Sinrau,Sinrau,shoes,-22.9196071,-43.1771073,BR
Classic Line,Classic Line,hardware,-22.9329021,-43.1844926,BR
Pet Studio,Pet Studio,pet,-22.9328993,-43.1844184,BR
Terra Brasilis,Terra Brasilis,restaurant,-22.9562468,-43.1649444,BR
Prezunic,Prezunic,supermarket,-22.8835123,-43.3433513,BR
Tango,Tango,restaurant,-22.9344651,-43.1758761,BR
Dufry,Dufry,department_store,-22.9048763,-43.1759592,BR
Taco,Taco,clothes,-22.9046945,-43.1760364,BR
A. D. Life Style,A. D. Life Style,clothes,-22.9045522,-43.1761222,BR
Allú,Allú,clothes,-22.904481,-43.1761652,BR
World Griff,World Griff,clothes,-22.9043229,-43.1762596,BR
Opção,Opção,clothes,-22.9042596,-43.1762939,BR
H. Stern,H. Stern,jewelry,-22.9052153,-43.1777741,BR
Carro Legal,Carro Legal,car,-22.9458374,-43.3620437,BR
Multieconomia,Multieconomia,supermarket,-22.9475668,-43.3718671,BR
Rabicho Rações,Rabicho Rações,pet,-22.9487697,-43.3719915,BR
MD Videolocadora,MD Videolocadora,video,-22.9529428,-43.3662666,BR
Padaria Felipão,Padaria Felipão,bakery,-22.9524607,-43.3655027,BR
L.M Material de Construções,L.M Material de Construções,hardware,-22.9526109,-43.3648847,BR
Lan House,Lan House,yes,-22.9523105,-43.3648504,BR
Barbearia do Kadim,Barbearia do Kadim,hairdresser,-22.9487295,-43.3680836,BR
Barbearia K & MK,Barbearia K & MK,hairdresser,-22.9497412,-43.3671738,BR
Espaço Cor da Pele,Espaço Cor da Pele,hairdresser,-22.9498123,-43.3648563,BR
Hortifrut Brasileiro,Hortifrut Brasileiro,supermarket,-22.9488559,-43.3623758,BR
New Ótica,New Ótica,optician,-22.9067163,-43.1768858,BR
Chapeux,Chapeux,clothes,-22.9068112,-43.1768514,BR
Varadero,Varadero,clothes,-22.906914,-43.1768171,BR
Levi's,Levi's,clothes,-22.9071196,-43.1767399,BR
Victor Hugo,Victor Hugo,clothes,-22.9057913,-43.1772291,BR
Blu-x,Blu-x,clothes,-22.9059481,-43.1771734,BR
Borelli,Borelli,clothes,-22.906124,-43.1771109,BR
Cópia & Etc,Cópia & Etc,copyshop,-22.9068392,-43.1738177,BR
Boca de Forno,Boca de Forno,restaurant,-22.90708,-43.1747057,BR
Restaurante Cosmopolitan,Restaurante Cosmopolitan,restaurant,-22.9042352,-43.174842,BR
Cereja Café,Cereja Café,cafe,-22.9040031,-43.1750761,BR
Oi,Oi,yes,-22.9047333,-43.1757347,BR
Beirute Café,Beirute Café,cafe,-22.9047808,-43.1758033,BR
Engraxataria Cataldo,Engraxataria Cataldo,yes,-22.9056434,-43.1770926,BR
Restaurante Columbia,Restaurante Columbia,restaurant,-22.9054031,-43.1766945,BR
Livraria RT,Livraria RT,books,-22.9054538,-43.1767782,BR
Vinhos Lidador,Vinhos Lidador,beverages,-22.9051858,-43.1763357,BR
Morada Credi,Morada Credi,money_lender,-22.9052282,-43.1764059,BR
Elle et Lui,Elle et Lui,clothes,-22.9053481,-43.1766036,BR
Ecletic,Ecletic,clothes,-22.9050927,-43.1761899,BR
Pampa Grill,Pampa Grill,restaurant,-22.9074531,-43.1743528,BR
Óticas La Vista,Óticas La Vista,optician,-22.90535,-43.1773978,BR
MMartan,MMartan,clothes,-22.9046087,-43.1773513,BR
Scotsman,Scotsman,clothes,-22.9046509,-43.1774237,BR
Moda Mania,Moda Mania,clothes,-22.9047167,-43.1775365,BR
DiSantinni,DiSantinni,shoes,-22.9047504,-43.1775944,BR
Rainha do Méier,Rainha do Méier,bakery,-22.9034996,-43.2827368,BR
Centro Comercial de Copacabana,Centro Comercial de Copacabana,mall,-22.9696289,-43.1847188,BR
Marwal,Marwal,yes,-22.9055934,-43.1786537,BR
Insinuante,Insinuante,electronics,-22.9060743,-43.1790111,BR
Casa Cavé,Casa Cavé,cafe,-22.9059113,-43.1792389,BR
Aldeia dos Ventos,Aldeia dos Ventos,clothes,-22.9060824,-43.1786415,BR
Força da Natureza,Força da Natureza,supermarket,-22.9061631,-43.1785635,BR
Crefisa,Crefisa,money_lender,-22.9059244,-43.1787806,BR
First Class,First Class,towels,-22.9059704,-43.1787448,BR
Vivianne Lee,Vivianne Lee,shoes,-22.9057091,-43.1787764,BR
Claudia Simões,Claudia Simões,clothes,-22.9056517,-43.1786953,BR
Fiszpan,Fiszpan,clothes,-22.9053808,-43.1786919,BR
Lojas Magal,Lojas Magal,convenience,-22.9054918,-43.1783482,BR
Mr. Cat,Mr. Cat,shoes,-22.9055863,-43.1785632,BR
Papelaria da Cidade,Papelaria da Cidade,stationery,-22.905728,-43.1788114,BR
Renner,Renner,clothes,-22.9054519,-43.1782799,BR
NHC,NHC,shoes,-22.9053049,-43.1785066,BR
Gold Shop,Gold Shop,shoes,-22.9053286,-43.1785581,BR
DanGe,DanGe,clothes,-22.9053602,-43.1786096,BR
Get Fashion,Get Fashion,clothes,-22.9053839,-43.1786525,BR
Ô Matos Bar,Ô Matos Bar,restaurant,-22.904938,-43.1781168,BR
Nativa,Nativa,shoes,-22.9051705,-43.1782491,BR
Datelli,Datelli,shoes,-22.9052258,-43.1783435,BR
Óticas Visão,Óticas Visão,optician,-22.9052495,-43.178395,BR
Mala Amada,Mala Amada,bag,-22.9050211,-43.1780152,BR
Via Uno,Via Uno,clothes,-22.9050756,-43.178086,BR
Andarella,Andarella,clothes,-22.9050993,-43.1781289,BR
Jelly,Jelly,shoes,-22.9051388,-43.1782062,BR
Roupas Water Proof,Roupas Water Proof,clothes,-22.9049895,-43.1779672,BR
Violeta Perfumaria,Violeta Perfumaria,perfumery,-22.9061793,-43.1783658,BR
Dysk,Dysk,clothes,-22.9054909,-43.1787853,BR
Fotoplan,Fotoplan,photo,-22.9055707,-43.1788447,BR
Kilo Express,Kilo Express,restaurant,-22.9109906,-43.1748292,BR
Nitgrama,Nitgrama,restaurant,-22.9110651,-43.174937,BR
Barbearia Laranjeiras,Barbearia Laranjeiras,yes,-22.9363678,-43.190343,BR
Ipiranga,Ipiranga,fuel,-22.9769283,-43.2203773,BR
Victoria,Victoria,restaurant,-22.9753634,-43.2197875,BR
Brewteco,Brewteco,restaurant,-22.9739112,-43.2271653,BR
Lojas Americanas,Lojas Americanas,convenience,-22.912421,-43.1768977,BR
Cipan,Cipan,car,-22.9119258,-43.1919105,BR
O Caranguejo,O Caranguejo,restaurant,-22.9763598,-43.1923361,BR
Amarelinho,Amarelinho,restaurant,-22.9103129,-43.1763121,BR
Rei dos Galetos,Rei dos Galetos,restaurant,-22.9051472,-43.1771551,BR
Óticas do Povo,Óticas do Povo,optician,-22.9059779,-43.1767382,BR
Via Scarpe,Via Scarpe,shoes,-22.9060372,-43.1768026,BR
Casas Góes,Casas Góes,musical_instrument,-22.9054365,-43.1760174,BR
Target,Target,clothes,-22.90538,-43.1759818,BR
Corpo e Alma,Corpo e Alma,clothes,-22.9055073,-43.1761029,BR
Gaúcho,Gaúcho,cafe,-22.9059043,-43.1765819,BR
Urich,Urich,restaurant,-22.9051329,-43.1756653,BR
Carioca,Carioca,restaurant,-22.905212,-43.1757887,BR
Bottom,Bottom,clothes,-22.9047227,-43.1750323,BR
Ao Vivo,Ao Vivo,restaurant,-22.9044263,-43.1745066,BR
Livraria Noa,Livraria Noa,books,-22.9047605,-43.174888,BR
Gráfica Menon,Gráfica Menon,copyshop,-22.9047036,-43.1747839,BR
Cortesia,Cortesia,restaurant,-22.9053344,-43.1754644,BR
Qualiótica,Qualiótica,optician,-22.9052703,-43.175422,BR
Balas & Cia.,Balas & Cia.,confectionery,-22.9052348,-43.1753675,BR
CD Centro,CD Centro,music,-22.9052283,-43.1752959,BR
Bagaggio,Bagaggio,bag,-22.9054028,-43.1756249,BR
Lindo Rio,Lindo Rio,cafe,-22.8998911,-43.2084718,BR
Via Rio,Via Rio,cafe,-22.8999566,-43.2086448,BR
Viajantes,Viajantes,cafe,-22.8998663,-43.2084557,BR
Ponto de Bala,Ponto de Bala,grocery,-22.8994253,-43.208229,BR
Via Rio Express,Via Rio Express,cafe,-22.8995983,-43.2086712,BR
Cia. de Leitura,Cia. de Leitura,books,-22.8994599,-43.2088482,BR
Elister,Elister,jewelry,-22.9113758,-43.1765352,BR
Maria Filó,Maria Filó,clothes,-22.9042691,-43.1767011,BR
Nike Factory Store,Nike Factory Store,clothes,-22.9041856,-43.1766541,BR
Sacada,Sacada,clothes,-22.9040984,-43.1764362,BR
Banca Santa Luzia,Banca Santa Luzia,kiosk,-22.9093258,-43.1725393,BR
Quiosque da Brahma,Quiosque da Brahma,kiosk,-22.9051707,-43.1752044,BR
Big Box,Big Box,supermarket,-15.7594957,-47.8784751,BR
Artigo e Prosa,Artigo e Prosa,restaurant,-15.7672345,-47.8722628,BR
Livraria Universidade,Livraria Universidade,books,-15.76495,-47.8702555,BR
Alfredo's,Alfredo's,restaurant,-15.7600358,-47.8797671,BR
ASTER,ASTER,restaurant,-15.7819909,-47.9081292,BR
Café Sincera,Café Sincera,cafe,-15.7526149,-47.8900512,BR
Fred,Fred,restaurant,-15.8139814,-47.8904585,BR
Paneville,Paneville,bakery,-15.840798,-47.800208,BR
Panitalia Pão Italiano,Panitalia Pão Italiano,bakery,-15.8354791,-47.8341809,BR
Orla Materiais de Contrução,Orla Materiais de Contrução,hardware,-15.8355882,-47.8340816,BR
Oba Hortifruti,Oba Hortifruti,supermarket,-15.8569742,-47.8321587,BR
Restaurante Coco Bambu,Restaurante Coco Bambu,restaurant,-15.7863197,-47.8894121,BR
Loy Lanches,Loy Lanches,kiosk,-15.8097111,-47.9195068,BR
Pra Você,Pra Você,supermarket,-15.7530702,-47.8902783,BR
Posto Petrobras,Posto Petrobras,fuel,-15.8314415,-47.8130032,BR
Banca de Revista,Banca de Revista,books,-15.8319659,-47.8143127,BR
Padicoisa Ltda,Padicoisa Ltda,doityourself,-15.8314585,-47.8141438,BR
POPOBRASIL BIKINIS,POPOBRASIL BIKINIS,clothes,-15.8456966,-47.8948731,BR
Comer e Comer,Comer e Comer,restaurant,-15.723324,-47.8881102,BR
Moranguinho,Moranguinho,restaurant,-15.7229253,-47.8880863,BR
A Despensa Mercearia,A Despensa Mercearia,convenience,-15.8512983,-47.8149588,BR
BonaSecco Lavanderia,BonaSecco Lavanderia,laundry,-15.8513284,-47.8148525,BR
Cláudia Alves Cabelo e Produção,Cláudia Alves Cabelo e Produção,hairdresser,-15.8512781,-47.815026,BR
Habitz Imóveis,Habitz Imóveis,variety_store,-15.8512552,-47.8150948,BR
Le Store Moda Feminina,Le Store Moda Feminina,boutique,-15.8513169,-47.8149027,BR
Lokavideo,Lokavideo,video,-15.8512975,-47.8151808,BR
Pisttache Cozinha Gourmet,Pisttache Cozinha Gourmet,restaurant,-15.8514413,-47.8148298,BR
Pão Dourado,Pão Dourado,bakery,-15.8512405,-47.8151645,BR
Spa Solar Estética,Spa Solar Estética,hairdresser,-15.8514146,-47.8149345,BR
Studio Gil Vasconcelos,Studio Gil Vasconcelos,hairdresser,-15.8513501,-47.8151928,BR
Tutti Sapori,Tutti Sapori,restaurant,-15.8513364,-47.8148063,BR
Tokyo Culinária Japonesa,Tokyo Culinária Japonesa,restaurant,-15.8513687,-47.8145427,BR
É Luz Iluminação,É Luz Iluminação,hardware,-15.8513971,-47.8144193,BR
Casarão,Casarão,restaurant,-15.7903463,-47.854579,BR
Mel do Sol,Mel do Sol,confectionery,-15.7798552,-47.8758986,BR
Galeteria BEIRA LOGO,Galeteria BEIRA LOGO,restaurant,-15.8171219,-47.8732575,BR
Senhoritas,Senhoritas,cafe,-15.7600089,-47.8791123,BR
Supren Verda,Supren Verda,restaurant,-15.7772355,-47.8779534,BR
Hannah,Hannah,bakery,-15.777115,-47.8786215,BR
Molho de Tomate,Molho de Tomate,restaurant,-15.7767845,-47.8779668,BR
Sempre Delícia,Sempre Delícia,bakery,-15.7768473,-47.8790167,BR
Masha'Allah,Masha'Allah,restaurant,-15.76957,-47.8919851,BR
Savassi Restaurante,Savassi Restaurante,restaurant,-15.8264528,-47.9867382,BR
Bellapan,Bellapan,bakery,-15.8261328,-47.9869099,BR
New Koto,New Koto,restaurant,-15.8274013,-47.9103281,BR
Churrascaria do Lago,Churrascaria do Lago,restaurant,-15.7864096,-47.8314,BR
Churrascaria Porteira Grill,Churrascaria Porteira Grill,restaurant,-15.7872252,-47.8458839,BR
Loja Aventura,Loja Aventura,outdoor,-15.8699357,-47.9681114,BR
Holywood Pães e Conveniência,Holywood Pães e Conveniência,bakery,-15.8716157,-47.9703678,BR
Restaurante Sabor do Sul,Restaurante Sabor do Sul,restaurant,-15.8721753,-47.9713719,BR
Varejão do Tadeu,Varejão do Tadeu,greengrocer,-15.8726486,-47.9723311,BR
Adega Dom Bosco,Adega Dom Bosco,alcohol,-15.8725387,-47.9721205,BR
Supermercado Candangão,Supermercado Candangão,supermarket,-15.8672327,-47.9619001,BR
Varejão da fartura,Varejão da fartura,greengrocer,-15.8702462,-47.9687262,BR
Padaria Venitália,Padaria Venitália,bakery,-15.8725712,-47.9721966,BR
Posto Petrobrás,Posto Petrobrás,fuel,-15.867646,-47.9619754,BR
Restaurante Ouro Preto,Restaurante Ouro Preto,restaurant,-15.8679932,-47.9643749,BR
Eletromecania Núcleo Bandeirante,Eletromecania Núcleo Bandeirante,car_repair,-15.8710943,-47.9635104,BR
Goemon,Goemon,restaurant,-15.8082549,-47.9353666,BR
Bravesa Brasília Veículos,Bravesa Brasília Veículos,car,-15.8030329,-47.9553907,BR
Fausto e Manuel,Fausto e Manuel,restaurant,-15.7577992,-47.8836152,BR
Posto Imperial,Posto Imperial,fuel,-15.7943667,-47.8888887,BR
Unimil,Unimil,clothes,-15.7834288,-47.9310335,BR
Esquina da Codorna,Esquina da Codorna,restaurant,-15.784007,-47.9310013,BR
Ateliê Diferente,Ateliê Diferente,hairdresser,-15.7864394,-47.9371804,BR
Padaria do Chico,Padaria do Chico,bakery,-15.7894972,-47.9348435,BR
QI6,QI6,fuel,-15.7279196,-47.8712588,BR
QI3,QI3,fuel,-15.7274807,-47.8719884,BR
Comercial Reis,Comercial Reis,supermarket,-15.7171895,-47.8808045,BR
Banca da Árvore,Banca da Árvore,newsagent,-15.739458,-47.8955262,BR
Ilha dos Pães,Ilha dos Pães,bakery,-15.7537336,-47.8395158,BR
Posto Mariana,Posto Mariana,fuel,-15.7475206,-47.846789,BR
Pão Italiano,Pão Italiano,bakery,-15.7444202,-47.8503027,BR
Construshopping,Construshopping,garden_centre,-15.7535299,-47.8397523,BR
Family's Hair,Family's Hair,hairdresser,-15.7538502,-47.839367,BR
Sagres Restaurante,Sagres Restaurante,restaurant,-15.738296,-47.8975038,BR
Galeteria Gaúcha,Galeteria Gaúcha,restaurant,-15.719647,-47.8875448,BR
Cia da Terra,Cia da Terra,pet,-15.7538816,-47.8392024,BR
Carnes Triângulo,Carnes Triângulo,butcher,-15.7444348,-47.8501367,BR
Dona,Dona,restaurant,-15.7446517,-47.8500025,BR
China in Box,China in Box,restaurant,-15.7197774,-47.8818418,BR
Pães e Vinhos,Pães e Vinhos,convenience,-15.7253009,-47.8757494,BR
Restaurante Comunitário,Restaurante Comunitário,restaurant,-15.7814985,-47.9992993,BR
Mercado Nossa Venda,Mercado Nossa Venda,convenience,-15.7535892,-47.8810209,BR
Hudson News,Hudson News,newsagent,-15.8707746,-47.9209459,BR
Viena,Viena,restaurant,-15.869206,-47.9210103,BR
Churrascaria do Gaucho,Churrascaria do Gaucho,restaurant,-15.8065579,-47.9566085,BR
Acarajé da Rosa,Acarajé da Rosa,restaurant,-15.7574564,-47.8837303,BR
Supercei,Supercei,supermarket,-15.8119721,-47.9951088,BR
House Lanches,House Lanches,cafe,-15.8062809,-47.9584429,BR
Padaria Panivile,Padaria Panivile,bakery,-15.8104386,-47.9877608,BR
Fornalle,Fornalle,restaurant,-15.8265052,-47.9816935,BR
Panitalia,Panitalia,bakery,-15.8266011,-47.9820754,BR
Kranfo,Kranfo,restaurant,-15.794922,-47.853516,BR
Potiguar Caldos,Potiguar Caldos,restaurant,-15.7967891,-47.9326421,BR
Lavanderia,Lavanderia,laundry,-15.7970046,-47.9313054,BR
Davi Motos,Davi Motos,motorcycle,-15.7880205,-47.9186031,BR
Edu Motos,Edu Motos,motorcycle,-15.7890761,-47.9185736,BR
Motoshow,Motoshow,motorcycle,-15.7888077,-47.9184556,BR
Mestre Cuca,Mestre Cuca,restaurant,-15.7932892,-47.8520676,BR
Mundo das Motos,Mundo das Motos,motorcycle,-15.8130938,-47.9808034,BR
Sabor do Cerrado,Sabor do Cerrado,confectionery,-15.8080976,-47.9350927,BR
Brasil Vexado,Brasil Vexado,restaurant,-15.8078344,-47.9346475,BR
Revistaria,Revistaria,kiosk,-15.8034397,-47.9403426,BR
La Bella,La Bella,cafe,-15.8392423,-47.9780591,BR
Padaria Pão Nosso Premium,Padaria Pão Nosso Premium,bakery,-15.8394126,-47.9779169,BR
Morgana's Caldos,Morgana's Caldos,restaurant,-15.8394178,-47.9783782,BR
Loc Filmes,Loc Filmes,video,-15.8360916,-47.9787028,BR
Zoe Pizzaria & Steak,Zoe Pizzaria & Steak,restaurant,-15.8298893,-47.9774824,BR
Parlamento Massas e Pizzas,Parlamento Massas e Pizzas,restaurant,-15.8300363,-47.9779588,BR
Pastelaria São Carlos,Pastelaria São Carlos,cafe,-15.8053282,-47.9500918,BR
Restaurante da Conab,Restaurante da Conab,restaurant,-15.7956283,-47.8973491,BR
Champion Peugeot,Champion Peugeot,car,-15.8558411,-47.9551049,BR
Toyota Adara,Toyota Adara,car,-15.8564835,-47.9563682,BR
Elétrica Lara,Elétrica Lara,doityourself,-15.8202521,-47.9809858,BR
Villa Rica,Villa Rica,restaurant,-15.821003,-47.9806988,BR
Casa da Lingerie,Casa da Lingerie,clothes,-15.821065,-47.98068,BR
Koni,Koni,restaurant,-15.839524,-47.9671217,BR
Banca Exclusive,Banca Exclusive,newsagent,-15.826559,-47.9819374,BR
Bom de Garfo,Bom de Garfo,restaurant,-15.8164559,-47.9791112,BR
Camiseteria Z,Camiseteria Z,clothes,-15.8075747,-47.8995691,BR
Places,Places,restaurant,-15.7943438,-47.892459,BR
Banca de Revistas,Banca de Revistas,kiosk,-15.8204093,-47.9749551,BR
Autom Mais Imports,Autom Mais Imports,car,-15.808832,-47.9523467,BR
Porsche,Porsche,car,-15.8233016,-47.9525021,BR
Trigo de Minas,Trigo de Minas,bakery,-15.7967794,-47.9313183,BR
Robson Cabelereiros,Robson Cabelereiros,hairdresser,-15.82327,-47.9840628,BR
New China,New China,restaurant,-15.8277643,-47.9184445,BR
Panificadora Líder,Panificadora Líder,bakery,-15.8275276,-47.9227961,BR
Armazém do Pão,Armazém do Pão,bakery,-15.8206532,-47.9884941,BR
Ki-delícia,Ki-delícia,bakery,-15.8178765,-47.9887408,BR
Ferragens Pontual,Ferragens Pontual,hardware,-15.8180158,-47.9875875,BR
Studio R beleza,Studio R beleza,hairdresser,-15.8174636,-47.9882205,BR
Mucho Gusto,Mucho Gusto,restaurant,-15.7622525,-47.8882409,BR
Baco Pizzaria,Baco Pizzaria,restaurant,-15.7621054,-47.8882838,BR
Karisma Flores,Karisma Flores,florist,-15.7626444,-47.8898793,BR
O Boticário,O Boticário,perfumery,-15.7622785,-47.8882716,BR
Sabor & Companhia,Sabor & Companhia,restaurant,-15.7637428,-47.8937719,BR
Sous Ribs,Sous Ribs,restaurant,-15.762572,-47.8898973,BR
V12 Motors,V12 Motors,car,-15.7638718,-47.8906482,BR
Ótica Manhattan,Ótica Manhattan,optician,-15.762613,-47.889889,BR
Beirute,Beirute,restaurant,-15.8198184,-47.907474,BR
Bike Mania,Bike Mania,bicycle,-15.8320398,-47.9844869,BR
Guarapão,Guarapão,bakery,-15.8320808,-47.9842231,BR
Super Carnes,Super Carnes,butcher,-15.8321526,-47.984431,BR
Quiosque da Rosa,Quiosque da Rosa,restaurant,-15.7975424,-47.9366977,BR
Cerramix,Cerramix,supermarket,-15.7913059,-47.9358798,BR
Restaurante China,Restaurante China,restaurant,-15.80624,-47.8937699,BR
Marvin American Burger,Marvin American Burger,restaurant,-15.8071717,-47.8926219,BR
Coco Zero Grau,Coco Zero Grau,greengrocer,-15.7995171,-47.9466274,BR
Primeiro Cozinha e Bar,Primeiro Cozinha e Bar,restaurant,-15.7953053,-47.9167402,BR
Panificadora Santo Antônio,Panificadora Santo Antônio,bakery,-15.8097816,-47.9432681,BR
Peixe na Rede,Peixe na Rede,restaurant,-15.8138674,-47.8906648,BR
Panificadora Nosso Pão,Panificadora Nosso Pão,bakery,-15.7947546,-47.9326759,BR
Feitiço Mineiro,Feitiço Mineiro,restaurant,-15.7687455,-47.8868624,BR
Nosso Sabor,Nosso Sabor,ice_cream,-15.8473461,-47.9784336,BR
SIAPastel,SIAPastel,bakery,-15.8039084,-47.9596775,BR
Auditel,Auditel,yes,-15.8191474,-47.9083381,BR
Cartolaria Bistrô,Cartolaria Bistrô,restaurant,-15.8366057,-47.980913,BR
Torteria de Lorenza,Torteria de Lorenza,bakery,-15.8272045,-47.9101541,BR
Panificadora Nossa Senhora Aparecida,Panificadora Nossa Senhora Aparecida,bakery,-15.8230261,-47.9940677,BR
Melhor Colchão,Melhor Colchão,furniture,-15.7639483,-47.8912465,BR
A Casa do Louro,A Casa do Louro,restaurant,-15.7633757,-47.8923801,BR
Alvex,Alvex,laundry,-15.7637195,-47.8934275,BR
Panificadora Portuguesa,Panificadora Portuguesa,bakery,-15.7594712,-47.893246,BR
Hogareño,Hogareño,restaurant,-15.8686567,-47.8224108,BR
Alho Dourado,Alho Dourado,restaurant,-15.8687386,-47.8209047,BR
Esquina Gourmet,Esquina Gourmet,restaurant,-15.7928865,-47.8542898,BR
Feitiço da Vila,Feitiço da Vila,restaurant,-15.7915428,-47.8546992,BR
Sertão e Mar,Sertão e Mar,restaurant,-15.7901305,-47.8530842,BR
Tchê Garoto,Tchê Garoto,restaurant,-15.7954629,-47.8532997,BR
Traíra sem Espinha,Traíra sem Espinha,restaurant,-15.7923385,-47.8545728,BR
Rua do Acessório,Rua do Acessório,electronics,-15.7673158,-47.8901935,BR
BSB Grill,BSB Grill,restaurant,-15.7746379,-47.8857165,BR
Bemtevi,Bemtevi,restaurant,-15.8222454,-47.9013609,BR
Benny Bikes,Benny Bikes,bicycle,-15.8132787,-47.9885579,BR
Galego Motos,Galego Motos,motorcycle,-15.7886918,-47.9186673,BR
Pampa Churrascaria,Pampa Churrascaria,restaurant,-15.7953513,-47.9119533,BR
Restaurante Pequim,Restaurante Pequim,restaurant,-15.7731202,-47.8764214,BR
Vista Grill,Vista Grill,restaurant,-15.8088994,-47.9883259,BR
Casa da Merenda,Casa da Merenda,restaurant,-15.8183346,-47.9557215,BR
Conecta Áudio,Conecta Áudio,musical_instrument,-15.7977891,-47.9498601,BR
Don Durica,Don Durica,restaurant,-15.7838395,-47.878712,BR
Só Reparos,Só Reparos,hardware,-15.7735269,-47.8771905,BR
AGP Centro Empresarial - Cidade do Automóvel,AGP Centro Empresarial - Cidade do Automóvel,mall,-15.7897312,-47.9741837,BR
Ativa Sat Rastreador de Veículos,Ativa Sat Rastreador de Veículos,yes,-15.7897013,-47.9777647,BR
Auto Gol,Auto Gol,car,-15.7907568,-47.9772535,BR
BF Peças e Acessórios e Serviços,BF Peças e Acessórios e Serviços,car,-15.7904455,-47.973186,BR
Best Car,Best Car,car,-15.7902951,-47.9730452,BR
Brava Automóveis,Brava Automóveis,car,-15.7933188,-47.9710559,BR
Central Car- Cidade do Automóvel,Central Car- Cidade do Automóvel,car,-15.7901828,-47.9746509,BR
Condor Víiculos,Condor Víiculos,car,-15.7910596,-47.9755289,BR
Contatos Vículos - Cidade do Automóvel,Contatos Vículos - Cidade do Automóvel,car,-15.7908138,-47.9752527,BR
Disbrave Veículos,Disbrave Veículos,car,-15.7934551,-47.970935,BR
Disbrave Volkswagen Oficina,Disbrave Volkswagen Oficina,car_repair,-15.7929331,-47.9731364,BR
Disbrave Volkswagen,Disbrave Volkswagen,car,-15.7932435,-47.9728226,BR
Elfa - Conssecionária Autorizada,Elfa - Conssecionária Autorizada,car,-15.7911438,-47.975628,BR
Elite Veículos,Elite Veículos,car,-15.7909217,-47.9733916,BR
Esave Motos - Yamaha,Esave Motos - Yamaha,motorcycle,-15.7895195,-47.9758395,BR
Estação Fiat - Cidade do Automóvel,Estação Fiat - Cidade do Automóvel,car,-15.7916281,-47.976267,BR
F Car - Cidade do Automóvel,F Car - Cidade do Automóvel,car,-15.790783,-47.9753262,BR
Flamingo Shopping,Flamingo Shopping,mall,-15.7902924,-47.9789611,BR
Fort Veiculos - Cidade do Automóvel,Fort Veiculos - Cidade do Automóvel,car,-15.7912427,-47.9758602,BR
Grancar Veiculos e Pneus - Cidade do auomóvel,Grancar Veiculos e Pneus - Cidade do auomóvel,car,-15.791394,-47.9758997,BR
HDI Seguro - Bate Pronto,HDI Seguro - Bate Pronto,car,-15.7899724,-47.9743102,BR
J Auto Center,J Auto Center,car_repair,-15.7900918,-47.9732988,BR
J Car Multimarcas Veículos,J Car Multimarcas Veículos,car,-15.7904969,-47.972794,BR
Jesicar Veículos,Jesicar Veículos,car,-15.7900279,-47.9781391,BR
LF Automóveis,LF Automóveis,car,-15.7897827,-47.9740303,BR
Lider Caminhões- Cidade do Automóvel,Lider Caminhões- Cidade do Automóvel,car,-15.7889254,-47.9760651,BR
Lifan motors Suprema,Lifan motors Suprema,car,-15.7911495,-47.9772169,BR
Link Car Veículos- Cidade do Automóvel,Link Car Veículos- Cidade do Automóvel,car,-15.7902953,-47.97467,BR
Loc América Frota,Loc América Frota,car,-15.7905329,-47.9769854,BR
Massuh Multimarcas - Cidade do Automóvel,Massuh Multimarcas - Cidade do Automóvel,car,-15.7905717,-47.9750704,BR
Multi Car- Cidade do Automóvel,Multi Car- Cidade do Automóvel,car,-15.790633,-47.9769038,BR
New Car,New Car,car,-15.7909521,-47.9738071,BR
Nobre Veículos - Cidade do Automóvel,Nobre Veículos - Cidade do Automóvel,car,-15.7898952,-47.9761087,BR
Nova Serrana Veículos,Nova Serrana Veículos,car,-15.7906602,-47.9738471,BR
Omega Veiculos,Omega Veiculos,car,-15.7902903,-47.976518,BR
Planeta Chevrolet,Planeta Chevrolet,car,-15.7934779,-47.9723739,BR
Planeta Veículos,Planeta Veículos,car,-15.793733,-47.9706474,BR
RS Automóveis,RS Automóveis,car,-15.7938975,-47.9704653,BR
Restaurante Mesa Farta,Restaurante Mesa Farta,restaurant,-15.7891709,-47.9771519,BR
Revel Veículos,Revel Veículos,car,-15.7904463,-47.9768929,BR
Rotavel soluções em Gerenciamento de Frotas- Cidade do Automóve,Rotavel soluções em Gerenciamento de Frotas- Cidade do Automóve,car_repair,-15.7897947,-47.9778976,BR
Serven Car,Serven Car,car_repair,-15.7913133,-47.9736947,BR
Sobrave,Sobrave,car,-15.7932178,-47.9711905,BR
Speed Car Automóveis,Speed Car Automóveis,car,-15.7906666,-47.9734875,BR
Suprema Veículos,Suprema Veículos,car,-15.7930733,-47.9713431,BR
Suprimax Showroom- Atacado e Varejo Cidade do Automóvel,Suprimax Showroom- Atacado e Varejo Cidade do Automóvel,car_repair,-15.7909844,-47.9754414,BR
Via Norte Veículos,Via Norte Veículos,car,-15.7909528,-47.9774505,BR
W3 Veículos - Cidade do Automóvel,W3 Veículos - Cidade do Automóvel,car,-15.7906164,-47.9750246,BR
Williams Veículos,Williams Veículos,car,-15.7935737,-47.9708031,BR
Yamaha motos e Naútica,Yamaha motos e Naútica,yes,-15.7890871,-47.9756505,BR
alfa Veículos,alfa Veículos,car,-15.7903057,-47.9767266,BR
704 Veículos,704 Veículos,car,-15.7908173,-47.973249,BR
Dom Francisco,Dom Francisco,restaurant,-15.8045337,-47.8320085,BR
Avenida JK Forneria,Avenida JK Forneria,restaurant,-15.819322,-47.8337842,BR
CoMcostela,CoMcostela,restaurant,-15.775937,-47.9296242,BR
Poizé,Poizé,restaurant,-15.8301593,-47.9124069,BR
Republic Beer,Republic Beer,restaurant,-15.834458,-47.917436,BR
Adega Piantas,Adega Piantas,beverages,-15.8095824,-47.8849959,BR
Universidade Conzinha de Bar,Universidade Conzinha de Bar,restaurant,-15.7869408,-47.885486,BR
Nazo,Nazo,restaurant,-15.8085073,-47.8862835,BR
Pizza César,Pizza César,restaurant,-15.813399,-47.890718,BR
Estação do Guaraná,Estação do Guaraná,restaurant,-15.8118602,-47.8970958,BR
Vert Café,Vert Café,coffee,-15.8090191,-47.8856601,BR
La Ursa,La Ursa,vacant,-15.7883227,-47.8788346,BR
Piauí,Piauí,alcohol,-15.808891,-47.885808,BR
Quem Temperou,Quem Temperou,restaurant,-15.8028634,-47.892761,BR
Naldo Motos,Naldo Motos,motorcycle,-15.7735523,-47.8892498,BR
L Affaire,L Affaire,restaurant,-15.788829,-47.890998,BR
The Continental Restaurant,The Continental Restaurant,restaurant,-15.793781,-47.891087,BR
Gomes Centro Automotivo,Gomes Centro Automotivo,car_repair,-15.8375438,-47.9864749,BR
Mané das Codornas,Mané das Codornas,restaurant,-15.8359318,-47.9766998,BR
Omega Pneus,Omega Pneus,car_repair,-15.8370999,-47.9863911,BR
Polar Tintas,Polar Tintas,hardware,-15.8335261,-47.9874106,BR
Renacar Oficina,Renacar Oficina,car_repair,-15.837606,-47.9867008,BR
Velas Aguia,Velas Aguia,furniture,-15.84374,-47.98503,BR
Bom Paladar,Bom Paladar,restaurant,-15.7953231,-47.916381,BR
Sobradinho Carnes,Sobradinho Carnes,butcher,-15.8101504,-47.9023646,BR
Adhara - Toyota,Adhara - Toyota,car,-15.854995,-47.956108,BR
Alugel de Mesas e cadeiras,Alugel de Mesas e cadeiras,yes,-15.8517384,-47.9455845,BR
Aquaplay Picinas,Aquaplay Picinas,yes,-15.8684129,-47.9631401,BR
Atlântida Móveis,Atlântida Móveis,interior_decoration,-15.8681447,-47.9636227,BR
Auto Capas Neto,Auto Capas Neto,car_repair,-15.87038,-47.96278,BR
BSB Picinas,BSB Picinas,yes,-15.8669385,-47.9632308,BR
Brasília Motors - Mercedes-Benz,Brasília Motors - Mercedes-Benz,car,-15.857999,-47.956582,BR
Candangão,Candangão,supermarket,-15.8494444,-47.9505556,BR
Casa Amarela - Fogão a Lenha,Casa Amarela - Fogão a Lenha,restaurant,-15.8683493,-47.9742681,BR
Casa Velha Capital Ferragens,Casa Velha Capital Ferragens,doityourself,-15.8695197,-47.9663541,BR
Casa de Festa Dames,Casa de Festa Dames,yes,-15.887761,-47.9622568,BR
Chão Goiano,Chão Goiano,restaurant,-15.8675,-47.9613889,BR
Comando Auto Peças,Comando Auto Peças,car_repair,-15.8673361,-47.9639903,BR
Divino Pão,Divino Pão,bakery,-15.8689095,-47.9641849,BR
Doce Pão,Doce Pão,bakery,-15.8679295,-47.9633243,BR
Eficaz Extintores,Eficaz Extintores,yes,-15.8668914,-47.9631656,BR
Febra Ferragens,Febra Ferragens,yes,-15.8667103,-47.9609033,BR
FA Ferragens,FA Ferragens,hardware,-15.8562989,-47.9531527,BR
Ferragens Carneiro,Ferragens Carneiro,hardware,-15.8689175,-47.965101,BR
Frios Sul,Frios Sul,yes,-15.869128,-47.964587,BR
Fujifilm,Fujifilm,photo,-15.8695496,-47.9664087,BR
Graff Shop,Graff Shop,yes,-15.8695246,-47.9755449,BR
Gril Sul- Grelhados e massas,Gril Sul- Grelhados e massas,restaurant,-15.8654928,-47.9657317,BR
Gráfimaq,Gráfimaq,yes,-15.8695116,-47.9755112,BR
Joy Ful Festa,Joy Ful Festa,yes,-15.8672693,-47.9722512,BR
Lider Lotérica CEF,Lider Lotérica CEF,lottery,-15.8690682,-47.9654368,BR
Liquigás- Deposito de Gás,Liquigás- Deposito de Gás,yes,-15.8566859,-47.9531118,BR
Lojinha Da Criança,Lojinha Da Criança,clothes,-15.8678641,-47.9631384,BR
Savana Calçados,Savana Calçados,yes,-15.8562137,-47.9524999,BR
Mult Med - Produtos Médicos Hospitalares,Mult Med - Produtos Médicos Hospitalares,general,-15.8687458,-47.9638457,BR
AMECTON,AMECTON,car,-15.8551907,-47.9515842,BR
Olympique - Peugeot,Olympique - Peugeot,car,-15.8561964,-47.9552358,BR
Padaria Candanga,Padaria Candanga,bakery,-15.8514818,-47.9510076,BR
Paraíba Carne de Sol,Paraíba Carne de Sol,restaurant,-15.8696928,-47.9729652,BR
Pepe Tintas,Pepe Tintas,paint,-15.8682954,-47.9638812,BR
Polyélle,Polyélle,shoes,-15.8686215,-47.9645168,BR
Restaurante Castelo,Restaurante Castelo,restaurant,-15.8679502,-47.9652414,BR
Restaurante Capricho Gaúcho,Restaurante Capricho Gaúcho,restaurant,-15.855268,-47.9515291,BR
Restaurante Palhoça,Restaurante Palhoça,restaurant,-15.8538889,-47.9563889,BR
Ricardo Eletro,Ricardo Eletro,electronics,-15.8681988,-47.9636942,BR
Star Móveis,Star Móveis,interior_decoration,-15.8684738,-47.9642446,BR
Supermercado Gourmet,Supermercado Gourmet,supermarket,-15.8563582,-47.9527419,BR
Supermercado Dona de Casa,Supermercado Dona de Casa,supermarket,-15.8494668,-47.9501584,BR
Supermix,Supermix,supermarket,-15.8677367,-47.9628525,BR
Tchê Picanha,Tchê Picanha,restaurant,-15.8503732,-47.9556259,BR
Tecar Fiat,Tecar Fiat,car,-15.8524244,-47.9548066,BR
Tokyo - Mitsubishi,Tokyo - Mitsubishi,car,-15.853937,-47.955786,BR
Visão Ferragens,Visão Ferragens,yes,-15.868044,-47.9614628,BR
Banca Alternativa - Jornais e Revistas,Banca Alternativa - Jornais e Revistas,newsagent,-15.8565696,-47.953181,BR
Albatross,Albatross,restaurant,-15.869384,-47.921146,BR
Algos Pizza e Bar,Algos Pizza e Bar,restaurant,-15.779773,-47.875197,BR
Alo Mamma,Alo Mamma,restaurant,-15.7838263,-47.878376,BR
Alpinus Galeteria,Alpinus Galeteria,restaurant,-15.8069451,-47.924622,BR
BSB Grill Sul,BSB Grill Sul,restaurant,-15.831432,-47.9113957,BR
Baco,Baco,restaurant,-15.823122,-47.900721,BR
Bali,Bali,restaurant,-15.827307,-47.905882,BR
Big Gourme,Big Gourme,restaurant,-15.830172,-47.912063,BR
Buffara Restaurante Arabe,Buffara Restaurante Arabe,restaurant,-15.8014608,-47.9257351,BR
Camarão e Cia,Camarão e Cia,restaurant,-15.814458,-47.894906,BR
Cantina da Massa,Cantina da Massa,restaurant,-15.803373,-47.892146,BR
Careca,Careca,restaurant,-15.766361,-47.8783466,BR
Carne de Sol 111 Sul,Carne de Sol 111 Sul,restaurant,-15.8233467,-47.9131272,BR
Chamas Grill,Chamas Grill,restaurant,-15.794918,-47.889443,BR
Chez Fondue,Chez Fondue,restaurant,-15.818924,-47.895569,BR
China Station,China Station,restaurant,-15.7972891,-47.9185467,BR
OMA Japanese Experience,OMA Japanese Experience,restaurant,-15.8275856,-47.9059977,BR
Crepe Royale,Crepe Royale,restaurant,-15.819505,-47.899324,BR