name,name_en,service_type,lat,lng,country_code
Hippo Tours,Hippo Tours,ticket,1.2936483,103.8565943,SG
SPC,SPC,fuel,1.3232062,103.8193298,SG
Jumbo Seafood,Jumbo Seafood,restaurant,1.2892592,103.8482726,SG
NTUC FairPrice Finest,NTUC FairPrice Finest,supermarket,1.3014954,103.839658,SG
Hooters,Hooters,restaurant,1.2899587,103.8458766,SG
Tiong Bahru Bakery,Tiong Bahru Bakery,cafe,1.3013209,103.8400063,SG
Red ahous,Red ahous,restaurant,1.2999047,103.8499576,SG
Takashimaya,Takashimaya,department_store,1.3025211,103.8353202,SG
Como Cuisine,Como Cuisine,restaurant,1.3058557,103.8105878,SG
Jumbo Seafood @ Dempsey,Jumbo Seafood @ Dempsey,restaurant,1.3043031,103.8099818,SG
Margarita's,Margarita's,restaurant,1.3039505,103.8102061,SG
PS cafe,PS cafe,cafe,1.3047042,103.8110709,SG
Pearl of India,Pearl of India,restaurant,1.3108481,103.8352923,SG
Roia,Roia,restaurant,1.3149885,103.8153732,SG
Liad Fan Hong Kong Soy Sauce Chicken Rice & Noodle,Liad Fan Hong Kong Soy Sauce Chicken Rice & Noodle,restaurant,1.2819879,103.8432653,SG
People's Park Food Centre Blk 32,People's Park Food Centre Blk 32,restaurant,1.284959,103.8425704,SG
Mixue,Mixue,cafe,1.3003144,103.8552471,SG
Cold Storage Fresh,Cold Storage Fresh,supermarket,1.3001235,103.8560555,SG
Mandarin Gallery,Mandarin Gallery,convenience,1.3020303,103.8366424,SG
NTUC FairPrice,NTUC FairPrice,supermarket,1.2925348,103.8113068,SG
7-Eleven,7-Eleven,convenience,1.3001872,103.8522224,SG
Empress Road Food Centre,Empress Road Food Centre,restaurant,1.3161183,103.8054965,SG
La Villa,La Villa,restaurant,1.2956087,103.8335603,SG
Boon Tong Kee 文東記,Boon Tong Kee,restaurant,1.2951492,103.8294198,SG
Siam Society,Siam Society,restaurant,1.3475169,103.867461,SG
Coffee Shops,Coffee Shops,cafe,1.3066948,103.8003488,SG
Shahi Maharaja,Shahi Maharaja,restaurant,1.2868595,103.8494116,SG
Pines Cafe,Pines Cafe,cafe,1.3344354,103.8427357,SG
Foods Treasure,Foods Treasure,restaurant,1.3353326,103.8448031,SG
Starbucks,Starbucks,cafe,1.3064544,103.8324156,SG
Coffee Club,Coffee Club,cafe,1.3050836,103.8312388,SG
Justin Flavours of Asia,Justin Flavours of Asia,restaurant,1.2833026,103.8582884,SG
Good Old Days,Good Old Days,restaurant,1.2516796,103.8172719,SG
Fun Shop Beach Plaza,Fun Shop Beach Plaza,gift,1.2516461,103.8170666,SG
The Coffee Bean & Tea Leaf,The Coffee Bean & Tea Leaf,cafe,1.2512356,103.8177296,SG
Lorong 4 Blk 93 Market and Hawker Centre,Lorong 4 Blk 93 Market and Hawker Centre,restaurant,1.338447,103.84944,SG
Hongdae Korean BBQ,Hongdae Korean BBQ,restaurant,1.2790473,103.841753,SG
Cheers,Cheers,convenience,1.2834881,103.8348084,SG
No Signboard Seafood Restaurant,No Signboard Seafood Restaurant,restaurant,1.289084,103.8556767,SG
Mama shop,Mama shop,convenience,1.3206824,103.8537683,SG
Natureland,Natureland,massage,1.3017309,103.8404356,SG
ACE Marketplace,ACE Marketplace,supermarket,1.2777764,103.8310198,SG
Crystal Cafe,Crystal Cafe,restaurant,1.2976221,103.8384714,SG
Saveur,Saveur,restaurant,1.296729,103.854991,SG
Thai Royal Cuisine,Thai Royal Cuisine,restaurant,1.3345564,103.8099494,SG
Su Shi Piao Xiang Vegetarian Food (素食飄香),Su Shi Piao Xiang Vegetarian Food,restaurant,1.3000559,103.8524194,SG
Shunjuu Izakaya,Shunjuu Izakaya,restaurant,1.2910861,103.8409947,SG
Singapore Zam Zam Murtabak,Zam Zam Singapore,restaurant,1.3022755,103.858542,SG
Long Bar Steak House,Long Bar Steak House,restaurant,1.2953788,103.8536013,SG
Shell,Shell,fuel,1.2974825,103.8033958,SG
Tanjong Pagar Food Centre,Tanjong Pagar Food Centre,restaurant,1.2765516,103.8430933,SG
China Square Food Court,China Square Food Court,restaurant,1.2828473,103.8493041,SG
Telok Blangah Rise Food Centre,Telok Blangah Rise Food Centre,restaurant,1.2724085,103.8220441,SG
Jalan Bukit Merah Food Centre,Jalan Bukit Merah Food Centre,restaurant,1.2799986,103.8260191,SG
Seafood,Seafood,restaurant,1.2814319,103.8232287,SG
TungLok Seafood,TungLok Seafood,restaurant,1.284366,103.8654257,SG
Marguerite,Marguerite,restaurant,1.2848639,103.8640308,SG
Visitor Services Centre,Visitor Services Centre,ticket,1.283827,103.8655449,SG
Gift shop,Gift shop,convenience,1.2842153,103.8655352,SG
Barrage Cove,Barrage Cove,convenience,1.28028,103.8705782,SG
Yum Cha Chinatown,Yum Cha Chinatown,restaurant,1.2829189,103.8439174,SG
Hong Lim Food Centre,Hong Lim Food Centre,restaurant,1.2852802,103.8459808,SG
Cold Storage,Cold Storage,supermarket,1.3010098,103.8450553,SG
Isetan,Isetan,department_store,1.3055893,103.8316799,SG
Metro,Metro,department_store,1.3040319,103.8359709,SG
Tangs,Tangs,department_store,1.3047546,103.8330692,SG
Waikiki Dive,Waikiki Dive,scuba_diving,1.3044871,103.8612627,SG
Fusion Spoon,Fusion Spoon,restaurant,1.3077804,103.818364,SG
Sakunthala's,Sakunthala's,restaurant,1.3092868,103.8557553,SG
Aziza Silk House Pte Ltd,Aziza Silk House Pte Ltd,fabric,1.3012893,103.8590037,SG
Marks & Spencer,Marks & Spencer,department_store,1.3008258,103.8452495,SG
Toys R Us,Toys R Us,toys,1.3040735,103.8358819,SG
Toys'R'Us,Toys'R'Us,toys,1.3175958,103.8434796,SG
OG People's Park,OG People's Park,department_store,1.2851945,103.8431612,SG
OG,OG,department_store,1.3021872,103.8539002,SG
Yue Hwa,Yue Hwa,department_store,1.2849331,103.8435035,SG
Mega Discount,Mega Discount,electronics,1.3020765,103.8770098,SG
FairPrice Finest @ Scotts,FairPrice Finest @ Scotts,supermarket,1.3059351,103.8328831,SG
CS Fresh,CS Fresh,supermarket,1.2938703,103.8319081,SG
CS Fresh Gold,CS Fresh Gold,supermarket,1.3035875,103.8359057,SG
Cold Storage Fresh Gold,Cold Storage Fresh Gold,supermarket,1.3048473,103.8242276,SG
ThreeSixty,ThreeSixty,supermarket,1.3041529,103.8316657,SG
Nanyang Old Coffee,Nanyang Old Coffee,cafe,1.2818086,103.8448952,SG
The Loft Pancakes & Waffles,The Loft Pancakes & Waffles,deli,1.2818706,103.8447869,SG
Hard Rock Cafe,Hard Rock Cafe,restaurant,1.3058867,103.8281771,SG
Black Angus Steak House,Black Angus Steak House,restaurant,1.3066734,103.8281974,SG
H&M,H&M,clothes,1.3015957,103.8374418,SG
Army Market,Army Market,variety_store,1.3033721,103.8637823,SG
Gerry's Grill,Gerry's Grill,restaurant,1.302835,103.8405848,SG
s(he)brews café,s(he)brews café,cafe,1.2992209,103.801392,SG
Dashi Master Marusaya,Dashi Master Marusaya,restaurant,1.2899821,103.8373277,SG
Toby's Estate,Toby's Estate,cafe,1.2899337,103.8374006,SG
Long Beach @ Robertson Quay,Long Beach @ Robertson Quay,restaurant,1.2896744,103.8391163,SG
Epicurious,Epicurious,restaurant,1.2903649,103.8396179,SG
Kith Cafe,Kith Cafe,cafe,1.2897265,103.8380311,SG
Swirls bake shop,Swirls bake shop,bakery,1.2901144,103.837542,SG
Kingdom of Belgians - KOB,Kingdom of Belgians - KOB,restaurant,1.2898683,103.8374995,SG
Rivergate Grocer,Rivergate Grocer,convenience,1.290507,103.8366608,SG
Scootz Bikes,Scootz Bikes,bicycle,1.2809571,103.8264126,SG
Giant,Giant,supermarket,1.3201477,103.8873042,SG
Modesto's,Modesto's,restaurant,1.3065868,103.8282448,SG
Jaan,Jaan,restaurant,1.2931658,103.8533008,SG
Bosses,Bosses,restaurant,1.2635998,103.8209327,SG
Shinji by Kanesaka,Shinji by Kanesaka,restaurant,1.2947239,103.854586,SG
The Little Drom Store,The Little Drom Store,gift,1.2813132,103.845703,SG
Earlybird,Earlybird,cafe,1.3028912,103.8581886,SG
White Rabbit Cafe,White Rabbit Cafe,cafe,1.2906084,103.8451839,SG
Valu$,Valu$,variety_store,1.3055193,103.8514517,SG
Casa Vostra,Casa Vostra,restaurant,1.2932247,103.8532339,SG
Cafe O,Cafe O,cafe,1.2998702,103.8548425,SG
Daiso Japan,Daiso Japan,variety_store,1.3000674,103.8447026,SG
Daiso,Daiso,supermarket,1.3114628,103.8568212,SG
MOS Burger,MOS Burger,restaurant,1.3001427,103.8445573,SG
Tim Ho Wan,Tim Ho Wan,restaurant,1.2998171,103.8452525,SG
Delifrance,Delifrance,bakery,1.3105787,103.8463507,SG
Prima Deli,Prima Deli,bakery,1.3102755,103.846358,SG
Flock Café,Flock Café,cafe,1.2835291,103.8302138,SG
Apple Corner,Apple Corner,electronics,1.2765731,103.8458836,SG
Capital Restaurant Pte Ltd,Capital Restaurant Pte Ltd,restaurant,1.2809399,103.8409356,SG
Pasta Inc,Pasta Inc,restaurant,1.2800703,103.8416312,SG
Grand Mandarina,Grand Mandarina,restaurant,1.2808779,103.840884,SG
Sakunthala's Food Palace,Sakunthala's Food Palace,restaurant,1.3087454,103.8512572,SG
Ourmakan Shop,Ourmakan Shop,restaurant,1.3086747,103.8512225,SG
New Everest Kitchen Singapore,New Everest Kitchen Singapore,restaurant,1.3086914,103.8516608,SG
Swadishta,Swadishta,restaurant,1.3085149,103.8515264,SG
Seven eleven,Seven eleven,supermarket,1.3234468,103.8173675,SG
De Classic Golden Spoon Pte Ltd,De Classic Golden Spoon Pte Ltd,restaurant,1.2837821,103.8333755,SG
Cartier,Cartier,yes,1.3057231,103.8295422,SG
Mulberry,Mulberry,yes,1.3058771,103.8294847,SG
Mustafa Centre addition,Mustafa Centre addition,yes,1.3107664,103.854901,SG
Nic & Tom Eatery,Nic & Tom Eatery,restaurant,1.2816392,103.8444911,SG
Spring Court Resaurant,Spring Court Resaurant,restaurant,1.2843885,103.8445532,SG
Lee Tong Kee Ipoh Hor Fun Restaurant,Lee Tong Kee Ipoh Hor Fun Restaurant,restaurant,1.2815637,103.8447442,SG
Adidas,Adidas,sports,1.2992372,103.8545446,SG
Ya Kun Kaya Toast,Ya Kun Kaya Toast,cafe,1.3002472,103.8559122,SG
The House of Steamboat,The House of Steamboat,restaurant,1.2982395,103.8568606,SG
Ramen Keisuke Tonkotsu King Four Season,Ramen Keisuke Tonkotsu King Four Season,restaurant,1.3009827,103.855335,SG
Joe’s Outlets,Joe’s Outlets,gift,1.3003734,103.8543259,SG
PREP,PREP,hairdresser,1.302049,103.836605,SG
Wimbly Lu,Wimbly Lu,cafe,1.347443,103.8675719,SG
Ensof Event Photography,Ensof Event Photography,photo,1.2876425,103.8469337,SG
The Cajun Kings,The Cajun Kings,restaurant,1.3474806,103.867513,SG
Li XUE Trading,Li XUE Trading,computer,1.3029463,103.8527678,SG
Ya Hua Bak Kut Teh,Ya Hua Bak Kut Teh,restaurant,1.272243,103.842093,SG
NoteBook Spare Parts,NoteBook Spare Parts,computer,1.3029487,103.8529491,SG
New Green Pasture Cafe (新綠園有機養生料理坊),New Green Pasture Cafe,restaurant,1.3006065,103.8520905,SG
Picotin,Picotin,restaurant,1.2870413,103.853485,SG
Ci Yan Organic Vegetarian Health Food,Ci Yan Organic Vegetarian Health Food,restaurant,1.2819958,103.844863,SG
La Pizzaiola,La Pizzaiola,restaurant,1.3474045,103.8676103,SG
Ah Hua Kelong,Ah Hua Kelong,restaurant,1.3472011,103.8678687,SG
Shish Mahal,Shish Mahal,restaurant,1.3040995,103.8505894,SG
Tippling Club,Tippling Club,restaurant,1.2794906,103.8437631,SG
Shahi Maharani,Shahi Maharani,restaurant,1.293561,103.8532974,SG
Eight Treasures Vegetarian,Eight Treasures Vegetarian,restaurant,1.2811836,103.84452,SG
ANK (ANK Jewellery Pte Ltd),ANK (ANK Jewellery Pte Ltd),clothes,1.3008042,103.839819,SG
Enjoy Tea,Enjoy Tea,tea,1.2819496,103.8439535,SG
Tea Chapter,Tea Chapter,tea,1.280181,103.8436066,SG
The Rebound Centre,The Rebound Centre,bicycle,1.3189732,103.891054,SG
Best Denki,Best Denki,electronics,1.2644601,103.8225384,SG
Pizza Hut,Pizza Hut,restaurant,1.2652349,103.8200684,SG
Astons,Astons,restaurant,1.3108384,103.8565917,SG
Brewerkz,Brewerkz,restaurant,1.3067957,103.828079,SG
Food Lot,Food Lot,restaurant,1.3055197,103.8230452,SG
Bike Connect,Bike Connect,bicycle,1.2964951,103.8300418,SG
Hup Leong,Hup Leong,bicycle,1.2872689,103.8422556,SG
Bike Actually,Bike Actually,bicycle,1.2987695,103.8460031,SG
Coffee Shop,Coffee Shop,cafe,1.2833675,103.8156713,SG
Fo You Yuan Vegetarian Restaurant (佛有緣素食餐館),Fo You Yuan Vegetarian Restaurant,restaurant,1.3101066,103.8569267,SG
New Fut Kai Vegetarian Restaurant (新佛界素食館),New Fut Kai Vegetarian Restaurant,restaurant,1.3106195,103.8587282,SG
Zen Fut Sai Kai Vegetarian Restaurant (正佛世界素食社),Zen Fut Sai Kai Vegetarian Restaurant,restaurant,1.3098037,103.8572009,SG
Fou Guan Yuan Vegetarian Food (佛光緣),Fou Guan Yuan Vegetarian Food,restaurant,1.3088075,103.8616004,SG
Xin Man Yuan Vegetarian Restaurant (心滿園素食館),Xin Man Yuan Vegetarian Restaurant,restaurant,1.2859065,103.8441611,SG
The REAL Hut (原愫小築),The REAL Hut,restaurant,1.317406,103.87878,SG
Delisnacks (德利食),Delisnacks,restaurant,1.3170358,103.8797121,SG
Mufiz Prata Corner,Mufiz Prata Corner,restaurant,1.3122972,103.8780271,SG
Hong Kong Dim Sum Shop,Hong Kong Dim Sum Shop,restaurant,1.3002619,103.8521025,SG
Kwan Im Cake (觀音蛋糕),Kwan Im Cake,bakery,1.3004614,103.8520311,SG
Kwan Im Vegetarian Restaurant (東南亞觀音素食館),Kwan Im Vegetarian Restaurant,restaurant,1.3010141,103.8532332,SG
Xing Hua Vegetarian Restaurant (興化素食館),Xing Hua Vegetarian Restaurant,restaurant,1.3005082,103.8519219,SG
齋 咖哩飯,齋 咖哩飯,restaurant,1.3015361,103.8539694,SG
Hotcakes,Hotcakes,bakery,1.3004349,103.8524027,SG
Herbivore,Herbivore,restaurant,1.3006382,103.8520335,SG
MAMA Patisserie,MAMA Patisserie,bakery,1.300206,103.8523857,SG
Xin Yuan Vegetarian Food Trading (心緣素食貿易),Xin Yuan Vegetarian Food Trading,grocery,1.3004024,103.8520002,SG
Tekka Food Centre,Tekka Food Centre,restaurant,1.3059833,103.850545,SG
Haidilao Hot Pot,Haidilao Hot Pot,restaurant,1.2993421,103.8541187,SG
Ah Yat Abalone,Ah Yat Abalone,restaurant,1.2975111,103.8527835,SG
Books Kinokuniya Bugis Junction Store,Books Kinokuniya Bugis Junction Store,books,1.299605,103.8554852,SG
Pull & Bear,Pull & Bear,clothes,1.2996189,103.8545565,SG
Uniqlo,Uniqlo,clothes,1.2997441,103.8545944,SG
Suk Seong Do,Suk Seong Do,restaurant,1.2746436,103.8437057,SG
Yayoi,Yayoi,restaurant,1.2995604,103.8539174,SG
Sony,Sony,electronics,1.3007042,103.8383428,SG
Saizeriya,Saizeriya,restaurant,1.3003524,103.8395762,SG
Josh's Grill,Josh's Grill,restaurant,1.3011549,103.8386801,SG
BHG,BHG,department_store,1.3000381,103.8560703,SG
Gyoza King,Gyoza King,restaurant,1.2768168,103.8437402,SG
Ikkousha Hakata Ramen,Ikkousha Hakata Ramen,restaurant,1.2770322,103.8432452,SG
Keisuke Tonkotsu King,Keisuke Tonkotsu King,restaurant,1.2767774,103.8440193,SG
Ramen Keisuke Tori King,Ramen Keisuke Tori King,restaurant,1.2747147,103.8437219,SG
Pine Tree Cafe (長春樹),Pine Tree Cafe,restaurant,1.3005463,103.8522248,SG
Tian Yuan Healthy Vegetarian Food Paradise (田園健康素食品),Tian Yuan Healthy Vegetarian Food Paradise,restaurant,1.3004584,103.8523164,SG
Sathish Trading & Enterprise,Sathish Trading & Enterprise,greengrocer,1.3059992,103.8516179,SG
Bikanervala,Bikanervala,restaurant,1.3051324,103.8520943,SG
Chettynad Curry Palace (செட்ழநரஞ கறி பேலஸ்),Chettynad Curry Palace,restaurant,1.3058229,103.8543081,SG
KHAN Restaurant,KHAN Restaurant,restaurant,1.305936,103.8523217,SG
Moghul Sweet Shop,Moghul Sweet Shop,bakery,1.3053783,103.8516349,SG
Premaas Cuisine,Premaas Cuisine,restaurant,1.304964,103.8520148,SG
Restaurant Barakath (ரெஸ்ட்டாரன்ட் பரக்கத்),Restaurant Barakath,restaurant,1.3049832,103.8522617,SG
Veggie Cottage,Veggie Cottage,restaurant,1.3049559,103.85229,SG
Heng Heng Bak Kut Teh,Heng Heng Bak Kut Teh,restaurant,1.3144696,103.8537584,SG
Lotto Carpets Gallery,Lotto Carpets Gallery,carpet,1.3058796,103.8111744,SG
Shang Antique,Shang Antique,antiques,1.3058194,103.8113291,SG
Tawandang,Tawandang,restaurant,1.3057186,103.8115882,SG
Singapore Seafood Republic,Singapore Seafood Republic,restaurant,1.257499,103.822605,SG
Slappy Cakes,Slappy Cakes,restaurant,1.257157,103.821422,SG
Din Tai Fung,Din Tai Fung,restaurant,1.257258,103.820563,SG
Candylicious,Candylicious,confectionery,1.256899,103.820388,SG
Pisco,Pisco,restaurant,1.256628,103.820375,SG
Harry's,Harry's,restaurant,1.25746,103.820287,SG
TungLok Heen,TungLok Heen,restaurant,1.2553321,103.820174,SG
osia,osia,restaurant,1.255452,103.8199263,SG
Les Bouchons,Les Bouchons,restaurant,1.281305,103.8456947,SG
OverEasy Bar and Diner,OverEasy Bar and Diner,restaurant,1.2861761,103.8541849,SG
TR Bike,TR Bike,bicycle,1.3138177,103.857399,SG
Vatan se,Vatan se,restaurant,1.2964148,103.8667462,SG
Hello Bicycle,Hello Bicycle,bicycle,1.2993149,103.8527271,SG
Hawker Centre,Hawker Centre,cafe,1.3412375,103.8451825,SG
BreadTalk,BreadTalk,bakery,1.294811,103.8586032,SG
Food Loft,Food Loft,restaurant,1.3147043,103.8821212,SG
Sushi Kou,Sushi Kou,restaurant,1.2768053,103.8438218,SG
Teppei,Teppei,restaurant,1.2767911,103.843922,SG
Tong Heng Confectionery,Tong Heng Confectionery,confectionery,1.2815821,103.8450019,SG
Brotzeit,Brotzeit,restaurant,1.301184,103.8381443,SG
Chabuton,Chabuton,restaurant,1.3013612,103.8380529,SG
DaeSsikSin,DaeSsikSin,restaurant,1.3005658,103.8389156,SG
Paradise Inn,Paradise Inn,restaurant,1.3011326,103.8382215,SG
Trattoria,Trattoria,restaurant,1.3010723,103.8385346,SG
やよい軒,Yayoiken,restaurant,1.3006737,103.83848,SG
Nantsuttei,Nantsuttei,restaurant,1.3007683,103.8396098,SG
Tokyu Hands,Tokyu Hands,variety_store,1.3008691,103.8395163,SG
Tung Lok Seafood,Tung Lok Seafood,restaurant,1.3007269,103.8400011,SG
Dean & Deluca,Dean & Deluca,yes,1.3007965,103.8396649,SG
The Audacious Cakery,The Audacious Cakery,cafe,1.2774171,103.839582,SG
Toast Box,Toast Box,cafe,1.3081278,103.8622322,SG
Cedele,Cedele,cafe,1.2745671,103.800271,SG
Hong Kong Street Chun Tat Kee,Hong Kong Street Chun Tat Kee,restaurant,1.3257481,103.8497223,SG
Tandoori Corner,Tandoori Corner,restaurant,1.3258161,103.8500978,SG
The Reading Room,The Reading Room,cafe,1.2790186,103.8405488,SG
One 2 Drink,One 2 Drink,cafe,1.310709,103.8607693,SG
Chye Seng Huat Hardware,Chye Seng Huat Hardware,cafe,1.3115727,103.8603282,SG
Organic 7 Days (Green Capsule),Organic 7 Days (Green Capsule),yes,1.3316134,103.8899536,SG
Salt tapas & bar,Salt tapas & bar,restaurant,1.2945707,103.8534616,SG
Seafood Paradise,Seafood Paradise,restaurant,1.2890836,103.8629672,SG
Sō Ramen,Sō Ramen,restaurant,1.334224,103.8893991,SG
Costa,Costa,cafe,1.2933422,103.8528838,SG
No Signboard Seafood,No Signboard Seafood,restaurant,1.3130847,103.8827225,SG
Il Clay Pizzeria,Il Clay Pizzeria,restaurant,1.2898838,103.8457516,SG
Bao Today,Bao Today,restaurant,1.3012518,103.8380205,SG
Kinokuniya,Kinokuniya,books,1.3031381,103.8340384,SG
Marché,Marché,restaurant,1.3009256,103.8382573,SG
Buddy Hoagies,Buddy Hoagies,restaurant,1.2985038,103.8490732,SG
I'm Kim,I'm Kim,restaurant,1.2993051,103.8489594,SG
FairPrice Xtra @ Sports Hub,FairPrice Xtra @ Sports Hub,supermarket,1.3041749,103.8728359,SG
Harvey Norman,Harvey Norman,electronics,1.3028788,103.8740209,SG
Chantique the Bridal Gallery,Chantique the Bridal Gallery,clothes,1.3132732,103.8995517,SG
De Riya,De Riya,cafe,1.3133782,103.8994784,SG
Equip Trading,Equip Trading,kitchen,1.3127273,103.8999361,SG
Erisam Refrigeration Sales & Services,Erisam Refrigeration Sales & Services,hardware,1.3134475,103.8994299,SG
Evertop Family Restaurant,Evertop Family Restaurant,restaurant,1.3141514,103.899102,SG
Gateway Minimart & Trading,Gateway Minimart & Trading,supermarket,1.3146529,103.8985494,SG
Hamid & Sons,Hamid & Sons,interior_decoration,1.3152606,103.8981321,SG
Bungkus,Bungkus,restaurant,1.3155598,103.8979097,SG
Home of Seafood,Home of Seafood,restaurant,1.313287,103.8997384,SG
Kak Wan's Kitchen,Kak Wan's Kitchen,restaurant,1.3138673,103.8990757,SG
Minang House,Minang House,restaurant,1.3143364,103.8987947,SG
Giant Hypermarket,Giant Hypermarket,supermarket,1.3312172,103.9483149,SG
Old Beach Road Prawn Mee,Old Beach Road Prawn Mee,restaurant,1.311986,103.922546,SG
Coffee Express,Coffee Express,cafe,1.3695931,103.9572551,SG
KPT,KPT,cafe,1.3703592,103.9581207,SG
Bistro Lab,Bistro Lab,cafe,1.3438352,103.9318335,SG
Design Pad,Design Pad,restaurant,1.3449077,103.9314365,SG
Killiney Kopitiam,Killiney Kopitiam,cafe,1.3138534,103.9889459,SG
Temptations Food & Snacks,Temptations Food & Snacks,cafe,1.314404,103.988834,SG
Coastal Rhythm,Coastal Rhythm,cafe,1.3056033,103.9317231,SG
ESSO,ESSO,fuel,1.3282744,103.9396206,SG
SPC Bedok,SPC Bedok,fuel,1.3279084,103.9397106,SG
Sheng Siong,Sheng Siong,supermarket,1.3244941,103.9310939,SG
Ban Keng Florist & Trading,Ban Keng Florist & Trading,florist,1.3266655,103.9334511,SG
High Tide Bistro & Bar,High Tide Bistro & Bar,restaurant,1.311539,103.9524847,SG
Fico,Fico,restaurant,1.3105383,103.9462428,SG
Pasir Ris Minimart,Pasir Ris Minimart,convenience,1.3747713,103.9363808,SG
Econ Minimart,Econ Minimart,supermarket,1.3237921,103.9107829,SG
Tang Tea House,Tang Tea House,restaurant,1.3316442,103.9470924,SG
CycleCraft,CycleCraft,bicycle,1.3081799,103.9089994,SG
Cannondale,Cannondale,bicycle,1.3151628,103.9191479,SG
Rodalink,Rodalink,bicycle,1.313745,103.9319059,SG
T3,T3,bicycle,1.3133474,103.9275281,SG
Pro Bike,Pro Bike,bicycle,1.3041606,103.9025273,SG
Epitex,Epitex,yes,1.3054604,103.9048616,SG
Window Story Pte Ltd,Window Story Pte Ltd,furnishing_products,1.3051226,103.9051674,SG
FairPrice Finest,FairPrice Finest,supermarket,1.3036947,103.9029454,SG
Fairprice Xpress,Fairprice Xpress,supermarket,1.3082402,103.907885,SG
New Hawa Restaurant,New Hawa Restaurant,restaurant,1.3267231,103.91906,SG
Rabbit Carrot Gun,Rabbit Carrot Gun,restaurant,1.304937,103.9031706,SG
McCafé,McCafé,cafe,1.3769504,103.9551804,SG
Hei Sushi,Hei Sushi,restaurant,1.3775267,103.9548924,SG
Bes Price Minimart,Bes Price Minimart,supermarket,1.312588,103.9000383,SG
Bubbly Petz,Bubbly Petz,pet,1.3110986,103.901095,SG
Cakes and Cravings,Cakes and Cravings,confectionery,1.3110912,103.9011004,SG
City Hardware,City Hardware,hardware,1.3124608,103.9001316,SG
Dryclyn,Dryclyn,dry_cleaning,1.3104362,103.901448,SG
Halal Restaurant,Halal Restaurant,restaurant,1.3119529,103.9006785,SG
Banh Mi 233,Banh Mi 233,restaurant,1.3127554,103.9001101,SG
JC Coffee Houzz,JC Coffee Houzz,cafe,1.3128264,103.9000546,SG
Joo Chiat Sofa & Cushion,Joo Chiat Sofa & Cushion,furniture,1.3103054,103.901847,SG
Pampered Pet Corner,Pampered Pet Corner,pet,1.310815,103.9012088,SG
Reimage,Reimage,interior_decoration,1.3118051,103.9007775,SG
Samsim Vietnam Cafe,Samsim Vietnam Cafe,cafe,1.3110415,103.9013242,SG
Starbuy,Starbuy,yes,1.3121399,103.9003513,SG
Sweet Tooth Addiction,Sweet Tooth Addiction,confectionery,1.3120272,103.9004288,SG
Yick Hong,Yick Hong,hardware,1.3116992,103.9006601,SG
96 Degree Designers,96 Degree Designers,interior_decoration,1.3110504,103.9013178,SG
Bratpack,Bratpack,bag,1.3568023,103.9862595,SG
Percolate,Percolate,cafe,1.3281295,103.935215,SG
Craftsmen Coffee,Craftsmen Coffee,cafe,1.3130468,103.9233966,SG
baker & cook,baker & cook,cafe,1.3209325,103.9243106,SG
Dutch Colony Coffee Co.,Dutch Colony Coffee Co.,cafe,1.3142525,103.9195276,SG
Pandora,Pandora,jewelry,1.3557559,103.9891226,SG
Paris Baguette,Paris Baguette,bakery,1.3562344,103.9893282,SG
Penang Culture,Penang Culture,restaurant,1.3560922,103.9897134,SG
SK Jewellery,SK Jewellery,jewelry,1.3552615,103.9887266,SG
Soup Restaurant,Soup Restaurant,restaurant,1.3562285,103.9897519,SG
Swensens,Swensens,restaurant,1.3563737,103.9893637,SG
Times Travel,Times Travel,newsagent,1.3544466,103.9885171,SG
Umeya,Umeya,deli,1.3559358,103.9889683,SG
Ananda Bhavan,Ananda Bhavan,restaurant,1.3538791,103.9887918,SG
Central Thai,Central Thai,restaurant,1.355947,103.9896482,SG
Chocolates Candy Delicatessen,Chocolates Candy Delicatessen,deli,1.3568934,103.9894412,SG
Chomel,Chomel,beauty,1.3548258,103.988691,SG
Crystal Jade,Crystal Jade,restaurant,1.3553486,103.9894289,SG
Eu Yan Seng,Eu Yan Seng,medical_supply,1.3556389,103.9890733,SG
Fish & Co,Fish & Co,restaurant,1.3543561,103.9890052,SG
Fragrance Bak Kwa,Fragrance Bak Kwa,butcher,1.355316,103.9885791,SG
Godiva,Godiva,deli,1.3558772,103.9891674,SG
Kaffe & Tiast,Kaffe & Tiast,cafe,1.3541873,103.9884154,SG
Nando,Nando,restaurant,1.3541162,103.9888925,SG
1983 Cafe Nanyang,1983 Cafe Nanyang,cafe,1.3564685,103.9897371,SG
Decathlon,Decathlon,sports,1.3229905,103.9221843,SG
Watsons,Watsons,chemist,1.3239544,103.9415712,SG
Tampines Fruit,Tampines Fruit,cafe,1.3486741,103.9338518,SG
Crooked Cooks,Crooked Cooks,restaurant,1.3408943,103.9619651,SG
Loke Culinarian,Loke Culinarian,restaurant,1.3407413,103.9620926,SG
Killiney,Killiney,coffee,1.3347728,103.9640619,SG
Challenger,Challenger,computer,1.3345409,103.9632037,SG
Roland Restaurant,Roland Restaurant,restaurant,1.3016879,103.9066922,SG
What Women Want,What Women Want,gift,1.3096618,103.9023086,SG
Nakhon Kitchen,Nakhon Kitchen,restaurant,1.328421,103.9351558,SG
Nangfa Thai Kitchen,Nangfa Thai Kitchen,restaurant,1.3285238,103.9351361,SG
Two Pigs Fly,Two Pigs Fly,restaurant,1.3045746,103.9025783,SG
Blue Elephant,Blue Elephant,restaurant,1.3045532,103.9025398,SG
Burger Bar,Burger Bar,restaurant,1.3045227,103.9024359,SG
Lower East Side,Lower East Side,restaurant,1.3044936,103.9023794,SG
Zi Zai Vegetarian (Tampines Branch),Zi Zai Vegetarian (Tampines Branch),restaurant,1.3468181,103.9380215,SG
Bricco Cafe,Bricco Cafe,cafe,1.362967,103.989182,SG
Changi Recommends,Changi Recommends,gift,1.3619739,103.991396,SG
DFS,DFS,alcohol,1.3617925,103.9920177,SG
Discover Singapore,Discover Singapore,gift,1.3612486,103.9920934,SG
E-Gadget Extra,E-Gadget Extra,toys,1.3619953,103.9912987,SG
Longchamp,Longchamp,fashion_accessories,1.3616903,103.9912085,SG
Pure Gold,Pure Gold,jewelry,1.3624264,103.9898316,SG
Sunglass Hut,Sunglass Hut,optician,1.3613437,103.9919257,SG
Tumi,Tumi,bag,1.3623814,103.989955,SG
Victoria's Secret,Victoria's Secret,clothes,1.362401,103.9898959,SG
Kopitiam Food Court,Kopitiam Food Court,restaurant,1.3799908,103.9368168,SG
LIN LIN VEGETARIAN DELIGHT,LIN LIN VEGETARIAN DELIGHT,cafe,1.328853,103.9311895,SG
Chutney Mary,Chutney Mary,restaurant,1.3122113,103.9227885,SG
Al Afrida Restaurant,Al Afrida Restaurant,restaurant,1.3314177,103.9090155,SG
Chic A Boo,Chic A Boo,restaurant,1.3235229,103.9222996,SG
Pastamania,Pastamania,restaurant,1.3238125,103.9221574,SG
Chin Lee,Chin Lee,restaurant,1.3313804,103.9369823,SG
Al Forno East Coast,Al Forno East Coast,restaurant,1.3087727,103.9120176,SG
Mufiz Restaurant,Mufiz Restaurant,restaurant,1.351262,103.933926,SG
Photocopy,Photocopy,copyshop,1.3510536,103.9338367,SG
Horme Hardware Changi,Horme Hardware Changi,hardware,1.3185833,103.9092168,SG
Al-Makan,Al-Makan,restaurant,1.3519905,103.9539087,SG
FDP Hair Salon,FDP Hair Salon,hairdresser,1.3204752,103.9127619,SG
Massage Master,Massage Master,massage,1.3312891,103.947365,SG
Nippor Paint,Nippor Paint,paint,1.331193,103.9480391,SG
Syed Cafe,Syed Cafe,cafe,1.3310465,103.9481504,SG
Pet Lovers Centre,Pet Lovers Centre,pet,1.3314082,103.947283,SG
Thai Table,Thai Table,cafe,1.3336878,103.9485209,SG
D'zerts Cafe,D'zerts Cafe,cafe,1.33381,103.9488388,SG
Goodyear,Goodyear,tyres,1.3137487,103.9319636,SG
Comida Mexicana,Comida Mexicana,restaurant,1.3088131,103.9122032,SG
Delonghi,Delonghi,houseware,1.3081445,103.9088591,SG
Flowers Coffee Space,Flowers Coffee Space,yes,1.3133936,103.9277703,SG
Udders & Kook,Udders & Kook,cafe,1.3133636,103.9276038,SG
OD Wellness,OD Wellness,yes,1.3133743,103.9276617,SG
Perle Noire,Perle Noire,cafe,1.3133841,103.9277158,SG
Megumi Japanese,Megumi Japanese,restaurant,1.313326,103.9274491,SG
Salvatore,Salvatore,restaurant,1.3133071,103.9273613,SG
Lai Huat Sambal Fish,Lai Huat Sambal Fish,restaurant,1.3130443,103.9260744,SG
Soy Eu Tua,Soy Eu Tua,restaurant,1.3128949,103.9258001,SG
Ancient Dynasty Massage & Spa,Ancient Dynasty Massage & Spa,massage,1.3129189,103.9257281,SG
Team Salon Siglap (Aveda),Team Salon Siglap (Aveda),hairdresser,1.3129225,103.9254108,SG
Pet Lover's Centre,Pet Lover's Centre,pet,1.3122863,103.9230037,SG
Mayura,Mayura,restaurant,1.3122719,103.9229406,SG
Masala Bar,Masala Bar,restaurant,1.3122443,103.92286,SG
House of Traditional Japanese Massage,House of Traditional Japanese Massage,massage,1.3121807,103.9227085,SG
First Eyewear Centre,First Eyewear Centre,optician,1.31216,103.9226376,SG
Earthspa,Earthspa,beauty,1.3121386,103.9225675,SG
Spa Lifestyle,Spa Lifestyle,beauty,1.3121056,103.9224847,SG
Academy of Rock,Academy of Rock,yes,1.3120733,103.9224225,SG
Next Door Spanish Cafe,Next Door Spanish Cafe,restaurant,1.3120175,103.9222714,SG
POD Bistro,POD Bistro,restaurant,1.3120106,103.9222123,SG
Singapore Pools,Singapore Pools,lottery,1.3119857,103.9221328,SG
Indian Wok,Indian Wok,restaurant,1.3119039,103.921908,SG
Malthouse,Malthouse,restaurant,1.311804,103.9217127,SG
imPress,imPress,yes,1.3090501,103.9119645,SG
Catering Services,Catering Services,yes,1.3090432,103.9119168,SG
Zaffron Kitchen,Zaffron Kitchen,restaurant,1.3061606,103.9050805,SG
Millet Music,Millet Music,music,1.3061189,103.9050142,SG
Alibaba Eating House,Alibaba Eating House,restaurant,1.3060066,103.904809,SG
Alt,Alt,restaurant,1.3058569,103.904614,SG
Bazaar,Bazaar,restaurant,1.3058906,103.9046608,SG
Korea BBQ,Korea BBQ,restaurant,1.3056478,103.9042986,SG
Sandwich Saigon,Sandwich Saigon,restaurant,1.3055419,103.9041549,SG
Bergs,Bergs,restaurant,1.304883,103.9031021,SG
Pizza & Pastry,Pizza & Pastry,pastry,1.3046777,103.9027901,SG
Katong V,Katong V,mall,1.3031334,103.9032312,SG
Lido Dry Cleaning,Lido Dry Cleaning,dry_cleaning,1.3137301,103.9316756,SG
Shell Select,Shell Select,convenience,1.3126508,103.9266349,SG
Salon 916,Salon 916,beauty,1.3123617,103.9247334,SG
Seng Hong Thiam Kee,Seng Hong Thiam Kee,yes,1.3086575,103.9116318,SG
Chop Yong Moh,Chop Yong Moh,yes,1.3086523,103.9115441,SG
Nippon Paint,Nippon Paint,paint,1.3082066,103.9091327,SG
Bibs & Mitts,Bibs & Mitts,baby_goods,1.3121821,103.9226806,SG
Issin Machi,Issin Machi,restaurant,1.3075058,103.9074853,SG
Doong Ji,Doong Ji,restaurant,1.3074794,103.9074411,SG
328 Katong Laksa,328 Katong Laksa,restaurant,1.3073571,103.907346,SG
Katong Catholic Book Centre,Katong Catholic Book Centre,books,1.3068188,103.9064897,SG
Gnee Hong Classic Furniture,Gnee Hong Classic Furniture,furniture,1.3067969,103.9065056,SG
Wizard of Paws,Wizard of Paws,pet,1.3067648,103.9064115,SG
Beauty Lane,Beauty Lane,beauty,1.3062253,103.9056088,SG
Feet Haven,Feet Haven,beauty,1.3061104,103.9054484,SG
United Music,United Music,music,1.3060781,103.9054687,SG
Min Seng Pawnshop,Min Seng Pawnshop,pawnbroker,1.305998,103.9052826,SG
FairPrice,FairPrice,convenience,1.3283589,103.9396233,SG
Eng San Coffee,Eng San Coffee,coffee,1.3288084,103.9311975,SG
Kembangan Kedai,Kembangan Kedai,restaurant,1.3216707,103.9133269,SG
Bread & Bun,Bread & Bun,bakery,1.3157452,103.9256053,SG
Mezza on Nine,Mezza on Nine,yes,1.312959,103.9255781,SG
BLooiE's,BLooiE's,yes,1.3128114,103.9246076,SG
Thai Connection,Thai Connection,restaurant,1.3128107,103.9239733,SG
Shao,Shao,restaurant,1.3141419,103.9195764,SG
First May,First May,laundry,1.3144188,103.9194543,SG
BBQ Wolesale Centre,BBQ Wolesale Centre,yes,1.3152407,103.9190757,SG
Bru2,Bru2,yes,1.3156622,103.9188282,SG
Zac Butchery,Zac Butchery,restaurant,1.3157278,103.9258637,SG
Taims,Taims,wedding,1.3157534,103.9260207,SG
Fawr & CO,Fawr & CO,yes,1.3157837,103.9261333,SG
New Star,New Star,hairdresser,1.3132939,103.9294967,SG
Etna,Etna,restaurant,1.313277,103.9294345,SG
Hair Treats,Hair Treats,yes,1.3132238,103.9292308,SG
Siglap Optical,Siglap Optical,optician,1.312716,103.9232543,SG
Country Florist,Country Florist,florist,1.3127812,103.9232273,SG
Siglap Corner,Siglap Corner,yes,1.3128797,103.9232392,SG
Fresh Fruits Lab,Fresh Fruits Lab,cafe,1.3186476,103.9095263,SG
Seng Kee Black Chicken Herbal Soup,Seng Kee Black Chicken Herbal Soup,restaurant,1.3194114,103.9131181,SG
Heng Motor,Heng Motor,car_parts,1.3193291,103.9129303,SG
Al Jasra Restaurant,Al Jasra Restaurant,restaurant,1.3192672,103.9125914,SG
Alsalam Restaurant,Alsalam Restaurant,restaurant,1.3191781,103.9124325,SG
Sin Wah Hardware,Sin Wah Hardware,hardware,1.3191437,103.9122404,SG
Sol & Son Renovation Enterprise,Sol & Son Renovation Enterprise,interior_decoration,1.3191319,103.9121748,SG
Sol Renovation Contractor Pte. Ltd.,Sol Renovation Contractor Pte. Ltd.,interior_decoration,1.3189978,103.9114949,SG
MV Agusta,MV Agusta,motorcycle,1.3189864,103.9114339,SG
M1 Bikers' Cafe,M1 Bikers' Cafe,motorcycle,1.3190077,103.9113262,SG
One Spa 1,One Spa 1,massage,1.3189863,103.9112125,SG
Mak's Place,Mak's Place,restaurant,1.3189555,103.9110484,SG
Chai Chee Seafood Restaurant,Chai Chee Seafood Restaurant,restaurant,1.318732,103.9098446,SG
Hong Gee Trading Company,Hong Gee Trading Company,paint,1.3187185,103.9097774,SG
S&N Spa,S&N Spa,beauty,1.3191715,103.9137307,SG
JOM Makan BBQ Seafood,JOM Makan BBQ Seafood,restaurant,1.3191342,103.9136192,SG
Laundry Unlimited,Laundry Unlimited,laundry,1.3190975,103.9135094,SG
Alpha Dry Cleaning Services,Alpha Dry Cleaning Services,dry_cleaning,1.3186175,103.9091472,SG
Best Friends,Best Friends,pet,1.3183528,103.9081572,SG
Bugis Street Chuen Chuen Chicken Rice,Bugis Street Chuen Chuen Chicken Rice,restaurant,1.3183329,103.9080386,SG
Kampong Chai Chee Restaurant,Kampong Chai Chee Restaurant,restaurant,1.3182274,103.9074647,SG
Everglow Paints & Trading,Everglow Paints & Trading,paint,1.3181233,103.9068898,SG
Crescendo,Crescendo,interior_decoration,1.3181483,103.9070279,SG
Eastern Healthcare & Reflexology Centre PTE LTD,Eastern Healthcare & Reflexology Centre PTE LTD,massage,1.3181744,103.9071719,SG
Karcool,Karcool,car_repair,1.3179794,103.9062616,SG
Hupfarri Hardware PTE LTD,Hupfarri Hardware PTE LTD,hardware,1.3179556,103.906089,SG
Elite,Elite,kitchen,1.3179633,103.9061449,SG
Rubine,Rubine,kitchen,1.3179705,103.9061971,SG
Sia's Chinese Clinic,Sia's Chinese Clinic,restaurant,1.31797,103.9060136,SG
Hupfarri Otto,Hupfarri Otto,electronics,1.317942,103.9058465,SG
Petfolio,Petfolio,pet,1.3180966,103.9053923,SG
Far East Auto,Far East Auto,car_parts,1.318084,103.9054414,SG
Ipoh Anson Chee Cheong Fun,Ipoh Anson Chee Cheong Fun,restaurant,1.317928,103.9081174,SG
Dreamy Paws,Dreamy Paws,pet,1.3179135,103.9080637,SG
Mirza Foods Pte. Ltd.,Mirza Foods Pte. Ltd.,food,1.3178572,103.9077442,SG
Hoong Fatt Heng Renovation Pte. Ltd.,Hoong Fatt Heng Renovation Pte. Ltd.,interior_decoration,1.3178473,103.9076878,SG
Kong Hin Pawnshop Pte. Ltd.,Kong Hin Pawnshop Pte. Ltd.,pawnbroker,1.3177802,103.907307,SG
HomePlus Zooo,HomePlus Zooo,appliance,1.3177649,103.9072103,SG
Everpros Marketing,Everpros Marketing,hardware,1.3177549,103.9071554,SG
LED Signage,LED Signage,electronics,1.3177457,103.9071045,SG
Lightfaktor,Lightfaktor,electronics,1.3177264,103.9069986,SG
LED Signages,LED Signages,electronics,1.3176982,103.9068435,SG
That Aquarium,That Aquarium,pet,1.3176246,103.9064387,SG
Bagus,Bagus,restaurant,1.3175959,103.9062806,SG
Putra Mas Bridal & Beauty Gallery,Putra Mas Bridal & Beauty Gallery,wedding,1.3173535,103.9043011,SG
Sunny Island,Sunny Island,travel_agency,1.3173442,103.9042285,SG
Marican,Marican,yes,1.3167392,103.9014505,SG
Laundry,Laundry,laundry,1.321955,103.9005661,SG
Clare's Hair Spa,Clare's Hair Spa,hairdresser,1.3213374,103.9029856,SG
Kirei Hair Salon,Kirei Hair Salon,hairdresser,1.321324,103.9028563,SG
Jotun,Jotun,paint,1.321291,103.9025376,SG
Sin Yuan Hong LP Gus PTE LTD,Sin Yuan Hong LP Gus PTE LTD,restaurant,1.3212774,103.9024068,SG
Raimah Eating House,Raimah Eating House,restaurant,1.3224013,103.9138837,SG
Moshikomy,Moshikomy,cafe,1.3158041,103.9054185,SG
GV Credit Pte Ltd,GV Credit Pte Ltd,money_lender,1.3117204,103.9113903,SG
Little Paws,Little Paws,pet,1.3120344,103.9111654,SG
JC Don Cafe & Bar,JC Don Cafe & Bar,cafe,1.3121146,103.9111364,SG
The Alaska Guys,The Alaska Guys,yes,1.3121881,103.9111186,SG
Bruno's,Bruno's,restaurant,1.3122772,103.9110807,SG
Eco Friendly Home Mattress Boutique,Eco Friendly Home Mattress Boutique,bed,1.3328093,103.9018507,SG
Home Gallery,Home Gallery,furniture,1.3327222,103.9019705,SG
La Cafa,La Cafa,yes,1.3326496,103.9020504,SG
VeganBurg,VeganBurg,restaurant,1.320982,103.9053922,SG
Bow Wow Pets,Bow Wow Pets,pet,1.3093545,103.9120298,SG
Eunos (MRT) Bak Koot Teh,Eunos (MRT) Bak Koot Teh,restaurant,1.318266,103.9076782,SG
Hair Salon,Hair Salon,hairdresser,1.3121003,103.9003899,SG
San He Teochew Porridge,San He Teochew Porridge,restaurant,1.312872,103.900022,SG
Indonesian Food House,Indonesian Food House,restaurant,1.3128508,103.9000362,SG
Long Phung,Long Phung,restaurant,1.3127242,103.9001345,SG
Samsara Wellness,Samsara Wellness,massage,1.3124575,103.9003303,SG
Vegan Cuisine,Vegan Cuisine,restaurant,1.3111071,103.9012793,SG
ATM Go Beyond,ATM Go Beyond,yes,1.3109371,103.901416,SG
Cake Inspiration,Cake Inspiration,bakery,1.3107041,103.9015625,SG
The Cheese Shop,The Cheese Shop,cheese,1.3103956,103.9017856,SG
Black Earth Auction House,Black Earth Auction House,yes,1.3081552,103.9034156,SG
Tin Yeang Restaurant,Tin Yeang Restaurant,restaurant,1.309756,103.9020418,SG
Furnishing Centre,Furnishing Centre,furniture,1.3096653,103.902123,SG
Paris Home,Paris Home,furniture,1.3095667,103.9021866,SG
Hello Arigato,Hello Arigato,cafe,1.3094425,103.9022742,SG
Scissors,Scissors,yes,1.3093808,103.9023192,SG
Dickson Nasi Lemak,Dickson Nasi Lemak,cafe,1.3093344,103.9023602,SG
Kings Cart Coffee Factory,Kings Cart Coffee Factory,cafe,1.3091015,103.9023871,SG
The Cider Pit,The Cider Pit,cafe,1.3090259,103.902448,SG
Lau Rock Guan Kee Bak Kut Teh,Lau Rock Guan Kee Bak Kut Teh,yes,1.3089832,103.9024761,SG
Andes,Andes,yes,1.3089491,103.9025029,SG
CHeng Seng & Co,CHeng Seng & Co,yes,1.308932,103.9026407,SG
Garden Seafood Restaurant,Garden Seafood Restaurant,restaurant,1.3087991,103.9027322,SG
Gobi,Gobi,yes,1.3087211,103.9027969,SG
Mellvin Coffee Shop,Mellvin Coffee Shop,cafe,1.3084882,103.9029579,SG
Patisserie,Patisserie,bakery,1.3084406,103.9029944,SG
Bun Specialist,Bun Specialist,bakery,1.3084004,103.9030115,SG
Joo Heng Restaurant,Joo Heng Restaurant,restaurant,1.308365,103.9030384,SG
Framelines,Framelines,frame,1.3082809,103.9030932,SG
Diva Hair & Nail Boutique,Diva Hair & Nail Boutique,beauty,1.3081089,103.9032262,SG
Intrigg,Intrigg,yes,1.3072591,103.9039116,SG
Motorcycle Shop,Motorcycle Shop,motorcycle,1.30722,103.9039324,SG