name,name_en,service_type,lat,lng,country_code
Cửa Hàng Bánh Tôm Hồ Tây,Cua Hang Banh Tom Ho Tay,restaurant,21.0473212,105.8376261,VN
Cà Phê Cây Bàng Đổ,Ca Phe Cay Bang Do,cafe,21.0273274,105.8220368,VN
Cà Phê Kafa,Ca Phe Kafa,cafe,21.0378611,105.8010007,VN
YNOT,YNOT,interior_decoration,21.0602857,105.8307796,VN
Nhà Hàng Chay Phương Nam,Nha Hang Chay Phuong Nam,restaurant,21.0222319,105.84695,VN
Nhà hàng Nam Phương,Nha hang Nam Phuong,restaurant,21.0217552,105.8563856,VN
Nha Hang Little Italian,Nha Hang Little Italian,restaurant,21.0169539,105.852831,VN
Nha Hang Indochine,Nha Hang Indochine,restaurant,21.0265868,105.8430053,VN
Cà Phê Big One,Ca Phe Big One,cafe,21.0098613,105.8476486,VN
WinMart,WinMart,supermarket,21.0115759,105.8495236,VN
Highlands Coffee,Highlands Coffee,cafe,21.0113724,105.8495887,VN
Buffet Sen Tây Hồ,Buffet Sen Tay Ho,restaurant,21.0741493,105.8154687,VN
Trạm Xăng Dầu Số 38,Tram Xang Dau So 38,fuel,20.940679,105.732,VN
Trà Xuân Tửu,Tra Xuan Tuu,restaurant,21.0297549,105.8277638,VN
Petrolimex,Petrolimex,fuel,21.0180191,105.9431245,VN
Cây Si,Cay Si,restaurant,21.0288674,105.8431006,VN
Cửa Hàng Balô MITI,Cua Hang Balo MITI,yes,21.0051499,105.8493886,VN
Cửa Hàng Áo Cưới Quỳnh Anh,Cua Hang Ao Cuoi Quynh Anh,clothes,21.0076051,105.8512354,VN
Nhà hàng Thành Lộc,Nha hang Thanh Loc,restaurant,21.0083549,105.8567708,VN
Cà Phê Hao,Ca Phe Hao,cafe,21.041759,105.8702416,VN
Trạm xăng,Tram xang,fuel,21.003484,105.963495,VN
Cây Xăng Dốc Tam Đa,Cay Xang Doc Tam Da,fuel,21.0433351,105.8184609,VN
Cửa hàng xăng dầu số 14,Cua hang xang dau so 14,fuel,21.0441979,105.8155123,VN
Nhà Hàng Little Hanoi,Nha Hang Little Hanoi,restaurant,21.0321895,105.850937,VN
Nhà Hàng New Day,Nha Hang New Day,restaurant,21.0346545,105.853359,VN
Quán Ăn Ngon - Phan Bội Châu,Quan An Ngon,restaurant,21.0262611,105.8434161,VN
Xoi Van Anh,Xoi Van Anh,restaurant,21.033942,105.8546062,VN
Cà Phê Nola,Ca Phe Nola,cafe,21.0340721,105.8535859,VN
Sushi Hokkaido Sachi,Sushi Hokkaido Sachi,restaurant,21.0202197,105.8543053,VN
Nhà Hàng Khazaana Indian,Nha Hang Khazaana Indian,restaurant,21.0286735,105.857296,VN
Tandoor Indian Cuisine,Tandoor Indian Cuisine,restaurant,21.0335791,105.8537345,VN
The King Cafe,The King Cafe,restaurant,21.0348473,105.8515895,VN
Nhà Hàng Ladybird,Nha Hang Ladybird,restaurant,21.0357539,105.8515631,VN
Nhà Hàng Gecko,Nha Hang Gecko,restaurant,21.0348198,105.8525664,VN
Tamarind Cafe,Tamarind Cafe,restaurant,21.0341589,105.8533099,VN
Nhà Hàng Âu Lạc Brazil II,Nha Hang Au Lac Brazil II,restaurant,21.0298564,105.8409205,VN
Nhà Hàng Mediterraneo,Nha Hang Mediterraneo,restaurant,21.0288946,105.8498777,VN
Nhà Hàng Classico,Nha Hang Classico,restaurant,21.025414,105.8451399,VN
Nhà Hàng La Badiane,Nha Hang La Badiane,restaurant,21.0265884,105.8432573,VN
Nhà Hàng Hoa Sữa,Nha Hang Hoa Sua,restaurant,21.0212237,105.8474967,VN
Nhà Hàng Half Man Half Noodle,Nha Hang Half Man Half Noodle,restaurant,21.0350466,105.8530045,VN
Circle K,Circle K,convenience,21.0319823,105.8525735,VN
Cửa Hàng Xăng Dầu Quân Đội,Cua Hang Xang Dau Quan Doi,fuel,21.0379944,105.8097676,VN
Cửa Hàng Xăng Dầu Số 6,Cua Hang Xang Dau So 6,fuel,20.9520567,105.7516426,VN
CHXD số 1,CHXD so 1,fuel,21.0645151,105.8941288,VN
Cây Xăng Công Ty CP Dệt May Công Nghiệp Hà Nội,Cay Xang Cong Ty CP Det May Cong Nghiep Ha Noi,fuel,20.988518,105.8664787,VN
Trạm xăng dầu số 9 - CTXD Quân đội,Tram xang dau so 9 - CTXD Quan doi,fuel,21.0183281,105.8612833,VN
PV Oil,PV Oil,fuel,21.0441883,105.8841708,VN
Đại Lý Xăng Dầu Phú Nghĩa,Dai Ly Xang Dau Phu Nghia,fuel,20.9523573,105.751943,VN
Cà Phê AnAn,Ca Phe AnAn,cafe,21.0446359,105.8027367,VN
Pho 10,Pho 10 ly quoc su,restaurant,21.0304724,105.8488474,VN
Puku,Puku (Australian Football),restaurant,21.0294934,105.8435381,VN
Cà Phê Hồ Thanh Nhàn,Ca Phe Ho Thanh Nhan,cafe,21.005952,105.8591623,VN
Thai Village,Thai Village,restaurant,21.0320076,105.8512129,VN
Trang Anh,Trang Anh,cafe,21.0329897,105.8528307,VN
Nhà Hàng Ba Ba,Nha Hang Ba Ba,restaurant,21.0460387,105.8009777,VN
Toshi Fusion,Toshi Fusion,restaurant,21.0200182,105.8562112,VN
TopCare,TopCare,electronics,21.035431,105.791874,VN
Nhà Hàng Duy Lê Malraux,Nha Hang Duy Le Malraux,restaurant,21.0313388,105.8489482,VN
Japan Supermarket,Japan Supermarket,supermarket,21.0294273,105.8458111,VN
Siêu Thị Hapro,Sieu Thi Hapro,supermarket,21.0307067,105.8482851,VN
Son Thanh,Son Thanh,restaurant,21.0307814,105.8472039,VN
Orick Coffee,Orick Coffee,cafe,21.0242859,105.8476001,VN
Van Viet Cafe,Van Viet Cafe,cafe,21.0231794,105.8516744,VN
Nhà Hàng Yakiniku Shiki,Nha Hang Yakiniku Shiki,restaurant,21.0336059,105.8548258,VN
Shop & Go,Shop & Go,convenience,21.0293607,105.8478856,VN
Suzuki,Suzuki,car,21.0050433,105.8698406,VN
Phong Lan,Phong Lan,clothes,21.0307123,105.8474583,VN
Cà Phê Cosa Nostra,Ca Phe Cosa Nostra,cafe,21.0255087,105.8579872,VN
Red bean,Red bean,restaurant,21.0342414,105.8533178,VN
Nhà Hàng Green Mango,Nha Hang Green Mango,restaurant,21.0329639,105.8498165,VN
Viettel,Viettel,mobile_phone,21.0296792,105.8417547,VN
Cà Phê HAN,Ca Phe HAN,cafe,21.0338728,105.8543107,VN
Cà Phê Huy,Ca Phe Huy,cafe,21.0264433,105.8368669,VN
Nhà Hàng Chả Cá Văn Miếu,Nha Hang Cha Ca Van Mieu,restaurant,21.0296628,105.8369362,VN
Cửa Hàng Thời Trang Indigo,Cua Hang Thoi Trang Indigo,clothes,21.028436,105.8364664,VN
Hớt Tóc Adam,Hot Toc Adam,hairdresser,21.0178763,105.8484118,VN
Cửa Hàng Đồ Cưới Muacuoi,Cua Hang Do Cuoi Muacuoi,hairdresser,21.001877,105.850849,VN
Cà Phê Newlife,Ca Phe Newlife,cafe,21.01139,105.831552,VN
Cà Phê 4 Seasons,Ca Phe 4 Seasons,cafe,21.039025,105.79953,VN
Nhà Hàng Thượng Hải,Nha Hang Thuong Hai,restaurant,20.996956,105.811593,VN
Cà Phê MVTTS,Ca Phe MVTTS,cafe,21.0284992,105.8484194,VN
TotalEnergies,TotalEnergies,fuel,21.0741351,105.7986459,VN
Siêu Thị Trần Anh,Sieu Thi Tran Anh,supermarket,20.9700253,105.8418973,VN
Cà Phê Trang,Ca Phe Trang,cafe,21.027956,105.8363073,VN
Nhà Hàng Chả Cá Thủy Hồng,Nha Hang Cha Ca Thuy Hong,restaurant,21.0361852,105.8469741,VN
Vietnam Motorbikes,Vietnam Motorbikes,motorcycle,21.0540288,105.8660195,VN
Tomstyle - Made in Vietnam,Tomstyle - Made in Vietnam,clothes,21.0428604,105.8150715,VN
Chợ Văn Môn,Cho Van Mon,supermarket,21.169101,105.9291563,VN
Trạm xăng dầu,Tram xang dau,fuel,21.167053,105.9295253,VN
Saint Honore,Saint Honore,bakery,21.0610589,105.8322037,VN
Osihi,Osihi,restaurant,21.0675537,105.8212455,VN
Nhà Hàng Highway 4,Nha Hang Highway 4,restaurant,21.029439,105.8092811,VN
Cà Phê Linh,Ca Phe Linh,cafe,21.0356987,105.8513898,VN
Nhà Hàng Blue Butterfly,Nha Hang Blue Butterfly,restaurant,21.0347487,105.8535038,VN
Nhà Hàng Essence,Nha Hang Essence,restaurant,21.0345271,105.852037,VN
Chả Cá Cà Cuống,Cha Ca Ca Cuong,restaurant,21.0356006,105.8492956,VN
Cà Phê Aha,Ca Phe Aha,cafe,21.0343276,105.8471067,VN
Cà Phê Kiến,Ca Phe Kien,cafe,21.0092618,105.8476382,VN
Cà Phê Aroi,Ca Phe Aroi,cafe,21.0344932,105.8471336,VN
nhà sách Minh Trí,nha sach Minh Tri,books,21.0366333,105.8018132,VN
Cà Phê Mai,Ca Phe Mai,cafe,21.0190238,105.8482211,VN
Cơm Cường,Com Cuong,restaurant,21.0174867,105.8484165,VN
Cửa Hàng Xe Đạp Nam Anh,Cua Hang Xe Dap Nam Anh,bicycle,21.0180968,105.8589242,VN
Nhà Hàng New Sake 1,Nha Hang New Sake 1,restaurant,21.0307862,105.8194213,VN
PAKU PAKU(波食波食）,PAKU PAKU(波食波食）,restaurant,21.0307817,105.8193586,VN
Pizza Hut,Pizza Hut,restaurant,21.0303431,105.8159146,VN
Nhà Hàng Koto,Nha Hang Koto,restaurant,21.0296823,105.8102219,VN
Nhà Hàng Kurama(蔵馬）,Nha Hang Kurama(蔵馬）,restaurant,21.029746,105.810586,VN
Totoya(ととや）,Totoya(ととや）,restaurant,21.029967,105.812293,VN
Izakaya Yancha,Izakaya Yancha,restaurant,21.0294166,105.8090898,VN
Kitaguni,Kitaguni,restaurant,21.0292029,105.8074289,VN
Ofukuro,Ofukuro,restaurant,21.0285111,105.806208,VN
Sbibi shop,Sbibi shop,clothes,21.0375138,105.8006798,VN
True Viet,True Viet,restaurant,21.0645792,105.8313838,VN
Cà Phê Giang,Ca Phe Giang,cafe,21.041456,105.848997,VN
Bánh Mì Tươi Fresh Garden,Banh Mi Tuoi Fresh Garden,bakery,21.0354805,105.7935508,VN
Nhà hàng hải sản Biển Bắc,Nha hang hai san Bien Bac,seafood,21.0362053,105.7785518,VN
Shop thời trang Body,Shop thoi trang Body,clothes,21.0337725,105.7968614,VN
Sửa chữa laptop MoLap,Sua chua laptop MoLap,computer,21.0347378,105.794227,VN
Trung tâm bảo hành Acer,Trung tam bao hanh Acer,computer,21.0338812,105.7967171,VN
Quán Ăn Nhanh Lam Giang,Quan An Nhanh Lam Giang,restaurant,20.9790479,105.7830759,VN
Cà Phê Chuối,Ca Phe Chuoi,cafe,21.0131504,105.8617279,VN
Phở Cường,Pho Cuong,restaurant,21.0339341,105.8548223,VN
Media Mart,Media Mart,electronics,20.9801978,105.7883038,VN
Cà Phê Yến,Ca Phe Yen,cafe,20.9799784,105.7954967,VN
Du Lịch Adventure Indochina,Du Lich Adventure Indochina,travel_agency,21.0359602,105.8527852,VN
cửa hàng Flamingo Motorbike Tours / Rentals,cua hang Flamingo Motorbike Tours / Rentals,motorcycle,21.0349695,105.8530238,VN
Du Lịch Quốc Tế Đại Việt,GrandViet Tour,travel_agency,21.0295631,105.8124578,VN
San Ho,San Ho,restaurant,21.0249031,105.8452599,VN
Trung Nguyên Coffee,Trung Nguyen Coffee,cafe,21.0347133,105.8523133,VN
Giant,Giant,bicycle,21.0110248,105.8114064,VN
Nhà Hàng La Bicicleta - Barcelona Bistro,Nha Hang La Bicicleta - Barcelona Bistro,restaurant,21.061389,105.8273413,VN
NP Green,NP Green,restaurant,21.0348897,105.8538788,VN
Tink Shop,Tink Shop,clothes,21.0079893,105.8258076,VN
Nhà Hàng Wa Japanese Cuisine,Nha Hang Wa Japanese Cuisine,restaurant,21.049334,105.839318,VN
Kính Mắt Xuân Thuỷ,Kinh Mat Xuan Thuy,optician,21.0611837,105.7813363,VN
Siêu thị Điện máy HC,Sieu thi Dien may HC,electronics,21.069082,105.7859723,VN
Thành Đô Mart,Thanh Do Mart,variety_store,21.0074886,105.8123895,VN
Cửa Hàng Xe Đạp Ngoại Khải Hồng,Cua Hang Xe Dap Ngoai Khai Hong,bicycle,21.0363261,105.7862621,VN
Thế Giới Di Động,The Gioi Di Dong,mobile_phone,21.0587443,105.7827577,VN
Vàng Kim Ngân,Vang Kim Ngan,jewelry,21.0614499,105.7812189,VN
Nhà Hàng Da Paolo Westlake,Nha Hang Da Paolo Westlake,restaurant,21.0551789,105.82136,VN
Siêu thị Điện máy Trần Anh,Sieu thi Dien may Tran Anh,electronics,21.037404,105.7800441,VN
In Ấn Mạnh Lương,In An Manh Luong,copyshop,21.0606109,105.7818103,VN
Twitterbeans Coffee,Twitterbeans Coffee,cafe,21.0305112,105.7848108,VN
Cà Phê 46,Ca Phe 46,cafe,21.0448185,105.7992606,VN
Viglacera - Đại lý Nam Hoà,Viglacera - Dai ly Nam Hoa,furniture,21.0453137,105.7992728,VN
SFarm©,SFarm©,supermarket,21.0451847,105.7992667,VN
Chè Tân Cương - Thái Nguyên,Che Tan Cuong - Thai Nguyen,tea,21.0446091,105.7992506,VN
True Coffee,True Coffee,cafe,21.0440864,105.7992714,VN
Cửa Hàng Làm Tóc Cao Minh,Cua Hang Lam Toc Cao Minh,tailor,21.0290997,105.8411055,VN
Cửa Hàng Thời Trang Lụa Đức Lợi,Cua Hang Thoi Trang Lua Duc Loi,tailor,21.0320067,105.8500395,VN
Nhà Hàng Foodshop 45,Nha Hang Foodshop 45,restaurant,21.0479061,105.8414891,VN
Quán Cơm Mậu Dịch,Quan Com Mau Dich,restaurant,21.0455452,105.8405476,VN
Cà Phê Việt,Ca Phe Viet,cafe,21.0178206,105.7972188,VN
Phở 24,Pho 24,restaurant,21.0178536,105.7960898,VN
Tech Land,Tech Land,hifi,21.0269293,105.8483306,VN
Toread,Toread,outdoor,21.0335796,105.8543152,VN
Xe Dap Thong Nhat,Merida,bicycle,21.0268036,105.8487407,VN
Onion Cellar Ham Hanh,Onion Cellar Ham Hanh,cafe,21.0347878,105.8255659,VN
Manzi Art Space and Cafe,Manzi Art Space and Cafe,cafe,21.0414885,105.8455896,VN
Duy Shop - 283 Vũ Tông Phan,Duy Shop - 283 Vu Tong Phan,yes,20.9938783,105.8148445,VN
Hệ Thống Siêu Thị Mái Ấm Online,He Thong Sieu Thi Mai Am Online,supermarket,21.1183065,105.8142732,VN
HappyMom Shop,HappyMom Shop,yes,21.0389899,105.8031721,VN
Đại Lý Cặp Sách Chống Gù Lưng Nhật Bản,Dai Ly Cap Sach Chong Gu Lung Nhat Ban,yes,21.1177127,105.8142997,VN
Lẩu Gà Ó O - Chicken Hotpot,Lau Ga O O - Chicken Hotpot,restaurant,21.0014898,105.8042979,VN
Nhà Hàng Moto-san,Nha Hang Moto-san,restaurant,21.0254125,105.8577493,VN
The Hanoi Social Club,The Hanoi Social Club,cafe,21.0291515,105.8461905,VN
Nhà Hàng Kamasutra,Nha Hang Kamasutra,restaurant,21.0343488,105.8474994,VN
Cà Phê Goethe,Ca Phe Goethe,cafe,21.030058,105.8378196,VN
Nguyễn Lê Motorcycle,Nguyen Le Motorcycle,motorcycle,21.047375,105.7484404,VN
Quán Thị Mẹt,Quan Thi Met,restaurant,20.9969779,105.8459666,VN
Nhà hàng Yumi,Nha hang Yumi,restaurant,21.0151072,105.7814958,VN
Cà Phê Lion,Ca Phe Lion,cafe,21.001284,105.8039288,VN
Cà Phê Havanna,Ca Phe Havanna,cafe,21.0494459,105.8391985,VN
Cửa Hàng Thời Trang Dan Gun,Cua Hang Thoi Trang Dan Gun,clothes,21.0154506,105.8171293,VN
Cà Phê GaraFun,Ca Phe GaraFun,cafe,21.0175323,105.7970415,VN
Cà Phê KOK,Ca Phe KOK,cafe,20.9839177,105.8155864,VN
Cà Phê Grazio's,Ca Phe Grazio's,cafe,21.0128634,105.8176699,VN
Cửa Hàng Máy Tính Đức Duy,Cua Hang May Tinh Duc Duy,computer,21.0518703,105.7358539,VN
Nhà Hàng Bò Đội Nón,Nha Hang Bo Doi Non,restaurant,21.0367552,105.7941995,VN
Ly Fox Shop,Ly Fox Shop,yes,21.0256965,105.8345688,VN
Công Ty Du Lịch Great La Vita,Cong Ty Du Lich Great La Vita,travel_agency,20.9640787,105.8304142,VN
Cửa Hàng Tiện Ích Bảo Long,Cua Hang Tien Ich Bao Long,supermarket,20.9648945,105.8320905,VN
Hải Sản Tự Nhiên Nghệ An,Hai San Tu Nhien Nghe An,seafood,21.0210148,105.7909162,VN
Ngọc Linh Mobile,Ngoc Linh Mobile,mobile_phone,21.0235944,105.9327131,VN
Nhà Hàng Bún Việt,Nha Hang Bun Viet,restaurant,21.0117249,105.8119169,VN
Cửa Hàng Spa Eros,Cua Hang Spa Eros,beauty,20.9698086,105.7882242,VN
Supremacy,Supremacy,cafe,20.9877755,105.7969824,VN
Trekking Coffee,Trekking Coffee,cafe,21.010401,105.8148684,VN
Cửa Hàng Xe Đạp Lâm Vélo,Cua Hang Xe Dap Lam Velo,bicycle,21.045354,105.8154868,VN
Cửa Hàng Mắt Kính Nam Hải,Cua Hang Mat Kinh Nam Hai,optician,21.0016576,105.8449682,VN
Pet Mart Kim Mã,Pet Mart Kim Ma,supermarket,21.0318491,105.8246645,VN
Pet Mart Đại Cồ Việt,Pet Mart Dai Co Viet,supermarket,21.0084427,105.8511563,VN
Cà Phê Bạch Thảo,Ca Phe Bach Thao,cafe,21.0415864,105.8335171,VN
Nhà Hàng GoldMalt Sài Đồng,Nha Hang GoldMalt Sai Dong,restaurant,21.0387571,105.9044083,VN
Đồ Gỗ Tuấn Hường,Do Go Tuan Huong,yes,21.1793802,105.8061734,VN
Siêu thị mini Ohlala,Sieu thi mini Ohlala,grocery,21.0417358,105.7990779,VN
Cà Phê MV,Ca Phe MV,cafe,21.0639821,105.7820879,VN
Cửa Hàng Xăng Dầu Hải Linh,Cua Hang Xang Dau Hai Linh,fuel,21.0250965,105.7725359,VN
Tommy Coffee,Tommy Coffee,coffee,21.0257506,105.768106,VN
IT Long Biên,IT Long Bien,computer,21.0619373,105.8937117,VN
Cửa Hàng Xăm MD,Cua Hang Xam MD,tattoo,21.0165887,105.8043548,VN
Nhà Hàng A La Folie,Nha Hang A La Folie,restaurant,21.0146587,105.8522123,VN
Nhà Hàng Little Vietnam,Little Vietnam,restaurant,21.0302779,105.8489208,VN
Trà 3L Tân cương Thái nguyên,Tra 3L Tan cuong Thai nguyen,cafe,20.9475342,105.7484947,VN
하노이 부라더스,하노이 부라더스,restaurant,21.0289139,105.8408568,VN
Tungmobile.com,Tungmobile.com,mobile_phone,21.0132668,105.8185196,VN
Nhà Hàng ATMan,Nha Hang ATMan,restaurant,21.0915545,105.7843466,VN
Cửa Hàng Ap24h,Cua Hang Ap24h,computer,21.0140893,105.8188524,VN
Gốm Sứ Cao Cấp Vũ Linh,Gom Su Cao Cap Vu Linh,yes,20.9809518,105.916318,VN
The American Club,Moose&roo,restaurant,21.023697,105.8541656,VN
Cà Phê Canopee,Ca Phe Canopee,cafe,21.0303946,105.8496718,VN
Du Lịch Ethnic,Du Lich Ethnic,travel_agency,21.0348735,105.851339,VN
Nhà Hàng Linh's Kitchen,Nha Hang Linh's Kitchen,restaurant,21.035829,105.8532485,VN
Bún Chẳ Đắc Kim,Bun Cha Dac Kim,restaurant,21.0310565,105.8472795,VN
Trạm Xe Bus Vietnam Airlines Minibus,Tram Xe Bus Vietnam Airlines Minibus,travel_agency,21.0262081,105.8499938,VN
FoTo Sỉ Lẻ Abercrombie & Fitch and Hollister,FoTo Si Le Abercrombie & Fitch and Hollister,clothes,21.0181837,105.8239379,VN
Street Market,Street Market,supermarket,21.026708,105.8387225,VN
Nhà Hàng Daluva,Nha Hang Daluva,restaurant,21.068552,105.8244602,VN
Curry House Maiya,Curry House Maiya,restaurant,21.0371094,105.8522312,VN
Chops,Chops,restaurant,21.0625869,105.8291428,VN
Nhà Hàng The Moose & Roo Pub & Grill,Nha Hang The Moose & Roo Pub & Grill,restaurant,21.0613457,105.8317362,VN
OH,OH,bakery,21.0361837,105.8452359,VN
Vincom Mega Mall Royal City,Vincom Mega Mall Royal City,mall,21.0022833,105.8160462,VN
Rue Lamblot,Rue Lamblot,restaurant,21.0306212,105.8487741,VN
Nhà Hàng Green Tangerine,Nha Hang Green Tangerine,restaurant,21.0326873,105.8537575,VN
Du Lịch Lily's,See You At Lily's Hostel and Travel,travel_agency,21.0295942,105.8487217,VN
number 1,Bun Cha So 1 Hang Manh,restaurant,21.0323464,105.84816,VN
Cà Phê Heaven,Ca Phe Heaven,cafe,21.0551234,105.8213184,VN
Pho Thin,Pho Thin,restaurant,21.0170351,105.8559963,VN
Nhà Hàng Lotus Blanc,Nha Hang Lotus Blanc,restaurant,21.0306071,105.8487452,VN
Nhà Hàng Da Paolo,Da Paolo,restaurant,21.0552992,105.8214956,VN
DIY Box,DIY Box,cafe,21.0354519,105.8278222,VN
Khách Sạn Haneul,Khach San Haneul,restaurant,21.0140828,105.8479487,VN
Xoi Yen,Xoi Yen,restaurant,21.0337675,105.8545363,VN
Cà Phê HD,Ca Phe HD,cafe,20.9616966,105.7720993,VN
Quán thịt trâu,Quan thit trau,restaurant,21.0637554,105.9079524,VN
The sushi club,The sushi club,restaurant,21.0625927,105.8291621,VN
Cửa Hàng Bia Hơi Hà Nội,Cua Hang Bia Hoi Ha Noi,restaurant,21.0336801,105.8462281,VN
R & M 마사지,R & M 마사지,massage,21.030162,105.8490988,VN
Tổ Chim Xanh,Bluebirds' Nest,cafe,21.0419209,105.8415411,VN
Cửa Hàng Đồ Uống Luogo,Cua Hang Do Uong Luogo,beverages,21.0057536,105.8233332,VN
Quan kien - bug place,Quan kien - bug place,restaurant,21.0542709,105.8371458,VN
Ray Quan,Ray Quan,restaurant,21.0278549,105.8412825,VN
So4 day A6 Dam Trau,So4 day A6 Dam Trau,cosmetics,21.0120618,105.8654735,VN
wintattoo.vn,wintattoo.vn,tattoo,20.9851077,105.7981433,VN
Cà Phê Gardenista,Ca Phe Gardenista,cafe,21.0309402,105.8171637,VN
Cộng Cà Phê,Cong Ca Phe,cafe,21.0622342,105.8301253,VN
Cà Phê Apple Tart,Ca Phe Apple Tart,cafe,21.0311596,105.8501553,VN
Whacky Drank,Whacky Drank,beverages,21.0321874,105.8467814,VN
Nhà Hàng Gia Ngu,Nha Hang Gia Ngu,restaurant,21.0331038,105.8525285,VN
Nun Changed Dac Kim-분짜,Nun Changed Dac Kim-분짜,restaurant,21.0322599,105.8482188,VN
Photocen,Photocen,photo,21.0248703,105.8445202,VN
Cửa Hàng Thời Trang Davi,Cua Hang Thoi Trang Davi,clothes,21.0156007,105.7987333,VN
Wanna Waffle?,Wanna Waffle?,cafe,21.0319807,105.8524977,VN
Cửa Hàng Ghế Tuấn Anh,Cua Hang Ghe Tuan Anh,furniture,21.1486008,105.9069529,VN
The Hung Snake Rétaurant,The Hung Snake Retaurant,restaurant,21.0560448,105.8982143,VN
She Coffe,She Coffe,cafe,21.0078452,105.9369243,VN
Trung tâm iTplus,Trung tam iTplus,computer,21.0088695,105.93683,VN
Bánh Xèo Zòn,Banh Xeo Zon,restaurant,21.0312016,105.8557772,VN
Shoe Master,Shoe Master,shoes,21.0392286,105.8286678,VN
Cà Phê Mộc 92,Ca Phe Moc 92,cafe,21.0107646,105.8062701,VN
Photo copy,Photo copy,copyshop,21.0354239,105.819913,VN
Cà Phê Bigone,Ca Phe Bigone,cafe,21.0354013,105.8196451,VN
Cửa Hàng Bún Chả Hương Liên,Cua Hang Bun Cha Huong Lien,restaurant,21.0180504,105.8538843,VN
Crocs,Crocs,shoes,21.0115143,105.8493228,VN
Cửa Hàng Bít Tết Hai Tý,Cua Hang Bit Tet Hai Ty,restaurant,21.0356505,105.8508651,VN
Quán cóc liêu xiêu một câu thơ - B+ cafe,Quan coc lieu xieu mot cau tho - B+ cafe,cafe,21.0381338,105.792421,VN
VNJ,VNJ,supermarket,20.9863879,105.8052876,VN
OiShi Ngon,OiShi Ngon,restaurant,21.0109329,105.8254405,VN
Cà Phê 26,Ca Phe 26,cafe,21.0312752,105.8469348,VN
The Sinh Cafe Tourist,The Sinh Cafe Tourist,travel_agency,21.0335885,105.8501772,VN
Nhà Hàng Hot Pot BBQ,Nha Hang Hot Pot BBQ,restaurant,21.0351984,105.8519929,VN
ATM Travel Agency,ATM Travel Agency,travel_agency,21.0361142,105.852858,VN
Pateta,Pateta,restaurant,21.0361773,105.8528166,VN
Cửa Hàng Bánh Gối,Cua Hang Banh Goi,restaurant,21.0296996,105.8491696,VN
Cà Phê Hanoi House,Ca Phe Hanoi House,cafe,21.0291546,105.8495211,VN
Cà Phê Giảng - Cà Phê Trứng,Giang Cafe Hanoi,cafe,21.033606,105.8546223,VN
Trung Tâm Chăm Sóc Sắc Đẹp Hi Spa,Trung Tam Cham Soc Sac Dep Hi Spa,cosmetics,21.0360693,105.8521013,VN
Songhong Camera,Songhong Camera,photo,21.0278021,105.8454576,VN
Cà Phê Anh 2,Ca Phe Anh 2,cafe,21.0329141,105.7645739,VN
Oh bread,Oh bread,restaurant,21.0333758,105.8539085,VN
Sinh travel,Sinh travel,travel_agency,21.0335895,105.8470898,VN
Sinh cafe tourist,Sinh cafe tourist,travel_agency,21.0328605,105.8519882,VN
Cửa Hàng Beer Hồng Hưởng,Cua Hang Beer Hong Huong,beverages,21.0184864,105.8121309,VN
X-Lab,X-Lab,photo,21.0353318,105.8524664,VN
Noodle & Roll,Noodle & Roll,restaurant,21.0297478,105.8492754,VN
Little Hanoi,Little Hanoi,restaurant,21.0334623,105.8537432,VN
Nhà Hàng Cari Trường,Nha Hang Cari Truong,restaurant,21.0357394,105.8518172,VN
Cà Phê La Studio,Ca Phe La Studio,cafe,21.035318,105.852714,VN
Cà Phê Thái,Ca Phe Thai,cafe,21.0172122,105.8504717,VN
Raw Juicery,Raw Juicery,cafe,21.0290366,105.8496455,VN
Pow pow Snow,Pow pow Snow,beverages,21.0344297,105.8252292,VN
Nhà Hàng Banana Tree,Nha Hang Banana Tree,restaurant,21.035056,105.8531396,VN
Sieu Thi Qua Vat,Sieu Thi Qua Vat,restaurant,21.0351244,105.8520281,VN
Vichy,Vichy,cosmetics,21.0317806,105.8245051,VN
Nước ép trai cay tuổi Nguyễn chat,Nuoc ep trai cay tuoi Nguyen chat,beverages,21.0363923,105.8529993,VN
Zenith Yoga Studio II & Café,Om Cafe and Vegetarian Restaurant,restaurant,21.0252545,105.8444379,VN
Nhà Hàng Mum's,Nha Hang Mum's,restaurant,21.0338377,105.8539504,VN
Paolo & Chi Pizzeria Old Quarter,Paolo & Chi Pizzeria Old Quarter,restaurant,21.0360908,105.8521843,VN
Cửa Hàng Bánh Mì Bon Bon,Cua Hang Banh Mi Bon Bon,bakery,21.0360503,105.8520284,VN
Nhà Hàng Foodshop 45 - Indian Cuisine,Nha Hang Foodshop 45 - Indian Cuisine,restaurant,21.0360158,105.8518953,VN
Cà Phê Glamour,Ca Phe Glamour,cafe,21.0359291,105.8520713,VN
Bánh Mỳ Doner Kebab Dũng Béo,Fat Dzung Doner Kebab,restaurant,21.0249892,105.8110309,VN
Cà Phê Sapa,Ca Phe Sapa,cafe,10.841601,106.657255,VN
Cà Phê Acoustic,Ca Phe Acoustic,cafe,10.7811643,106.6898451,VN
Cà Phê Sỏi Đá,Soi Da,cafe,10.7809198,106.689929,VN
Cà Phê Du Miên,Ca Phe Du Mien,cafe,10.7923386,106.6760528,VN
Cà Phê Mê Khúc,Ca Phe Me Khuc,cafe,10.7987704,106.6865074,VN
Cửa Hàng Xăng Dầu PV,Cua Hang Xang Dau PV,fuel,10.8050335,106.6667305,VN
Nhà Hàng BBQ Chicken,Nha Hang BBQ Chicken,restaurant,10.768208,106.6841501,VN
Nhà Hàng Au Tresor,Nha Hang Au Tresor,restaurant,10.772698,106.7048299,VN
Cửa Hàng Xăng Dầu Petrolimex,Cua Hang Xang Dau Petrolimex,fuel,10.8097324,106.6337782,VN
Trạm Xăng Dầu Bình Thuận,Tram Xang Dau Binh Thuan,fuel,10.7444027,106.7293238,VN
Cửa Hàng Xăng Dầu SFC,Cua Hang Xang Dau SFC,fuel,10.8161028,106.6885489,VN
Trạm Xăng Dầu Số 9,Tram Xang Dau So 9,fuel,10.7706834,106.6893379,VN
Đại Lý Bán Lẻ Xăng Dầu An Bình,Dai Ly Ban Le Xang Dau An Binh,fuel,10.7880803,106.7299622,VN
Cửa Hàng Xăng Dầu Số 23 Comeco,Cua Hang Xang Dau So 23 Comeco,fuel,10.7998682,106.6198471,VN
Cửa Hàng Xăng Dầu Số 7,Cua Hang Xang Dau So 7,fuel,10.8524482,106.7526361,VN
Trạm Xe Bus Thanh Tài,Tram Xe Bus Thanh Tai,fuel,10.8070029,106.5990007,VN
Trạm Xăng Dầu Petrolimex,Tram Xang Dau Petrolimex,fuel,10.6969603,106.5969407,VN
Cửa Hàng Xăng Dầu Comeco,Cua Hang Xang Dau Comeco,fuel,10.7905722,106.6942144,VN
Trạm Xăng Dầu Số 47,Tram Xang Dau So 47,fuel,10.8681229,106.7209205,VN
trạm xăng dầu thái lan,tram xang dau thai lan,fuel,10.8595014,106.7048192,VN
Trạm Xăng Dầu Hoàn Nguyên,Tram Xang Dau Hoan Nguyen,fuel,10.863579,106.7198825,VN
Mipec,Mipec,fuel,10.8929851,106.5808797,VN
Trạm Xăng Dầu Số 22,Tram Xang Dau So 22,fuel,10.7381045,106.6149062,VN
Cửa Hàng Xăng Dầu Sài Gòn Petrolimex,Cua Hang Xang Dau Sai Gon Petrolimex,fuel,10.8498971,106.7673688,VN
Đại Lý Xăng Dầu Lê Tuấn,Dai Ly Xang Dau Le Tuan,fuel,10.7646913,106.6189009,VN
Cửa Hàng Xăng Dầu Mipec 195,Cua Hang Xang Dau Mipec 195,fuel,10.7999243,106.6686541,VN
Trạm Xăng Dầu Tân Hưng Thuận,Tram Xang Dau Tan Hung Thuan,fuel,10.8480583,106.6230762,VN
Cửa Hàng Xăng Dầu Saigon Petro,Cua Hang Xang Dau Saigon Petro,fuel,10.7558075,106.6050732,VN
Petrolimex – Cửa hàng 06,Petrolimex – Cua hang 06,fuel,10.7859067,106.6902585,VN
Trạm Xăng Dầu Xuyên Á,Tram Xang Dau Xuyen A,fuel,10.8591905,106.7114496,VN
Trạm Xăng Dầu Mipec Bà Điểm,Tram Xang Dau Mipec Ba Diem,fuel,10.8445705,106.6138172,VN
Cửa Hàng Xăng Dầu Petrolimex Số 31,Cua Hang Xang Dau Petrolimex So 31,fuel,10.7932287,106.6799812,VN
Cây xăng COMECO,Cay xang COMECO,fuel,10.7788268,106.7637044,VN
Trạm xăng dầu Hưng Phú,Tram xang dau Hung Phu,fuel,10.7486562,106.6760605,VN
Trạm Xăng Dầu Xuyên Á DDS Petro,Tram Xang Dau Xuyen A DDS Petro,fuel,10.881301,106.5889746,VN
Trạm Xăng Dầu Thanh Xuân,Tram Xang Dau Thanh Xuan,fuel,10.861556,106.6725844,VN
Cửa Hàng Xăng Dầu Ngọc Quý Petro,Cua Hang Xang Dau Ngoc Quy Petro,fuel,10.7575651,106.6060643,VN
Trạm Xăng Dầu Hóc Môn Petro,Tram Xang Dau Hoc Mon Petro,fuel,10.8836505,106.5868342,VN
Trạm Xăng Dầu Số 3,Tram Xang Dau So 3,fuel,10.851001,106.7558169,VN
Cửa Hàng Xăng Dầu Satra,Cua Hang Xang Dau Satra,fuel,10.7689585,106.6966613,VN
Cây Xăng Hòa Bình,Cay Xang Hoa Binh,fuel,10.8482374,106.7184555,VN
Cửa Hàng Xăng Dầu Số 4,Cua Hang Xang Dau So 4,fuel,10.7504495,106.7162797,VN
Trạm KD Xăng Dầu Số 6,Tram KD Xang Dau So 6,fuel,10.7887912,106.7297763,VN
Trạm Xăng Dầu An Phú Chương,Tram Xang Dau An Phu Chuong,fuel,10.7881692,106.7760822,VN
Cửa Hàng Xăng Dầu Mipec,Cua Hang Xang Dau Mipec,fuel,10.7998536,106.674034,VN
Trạm Xăng Đầu Thắng Xuân,Tram Xang Dau Thang Xuan,fuel,10.8576891,106.6417444,VN
Cửa Hàng Xăng Dầu Số 16,Cua Hang Xang Dau So 16,fuel,10.7918007,106.8023604,VN
Cửa Hàng Xăng Dầu Total,Cua Hang Xang Dau Total,fuel,10.7546915,106.6406929,VN
Cửa Hàng Xăng Dầu SaiGon Petrol,Cua Hang Xang Dau SaiGon Petrol,fuel,10.8021446,106.6262626,VN
Trạm Xăng Dầu Thịnh Phát,Tram Xang Dau Thinh Phat,fuel,10.6762912,106.7591554,VN
Trạm Xăng Dầu Bình Thọ,Tram Xang Dau Binh Tho,fuel,10.8387667,106.7669425,VN
Đại Lý Bán Lẻ Xăng Dầu Thanh Bình,Dai Ly Ban Le Xang Dau Thanh Binh,fuel,10.7569248,106.5859008,VN
Đại Lý Bán Lẻ Xăng Dầu - Cửa Hàng 7A,Fuel Retailer Agent - Shop 7A,fuel,10.7660058,106.7069453,VN
Cà Phê Noir,Ca Phe Noir,cafe,10.8035512,106.6878557,VN
Cà Phê Thuỷ Trúc,Thuy Truc Cafe,cafe,10.8104285,106.7084493,VN
Cà Phê Vườn Xuân,Ca Phe Vuon Xuan,cafe,10.7926596,106.6797398,VN
Nhà Hàng Bờ Sông,Nha Hang Bo Song,restaurant,10.789502,106.711158,VN
Nhà Hàng Riverside Saigon,Nha Hang Riverside Saigon,restaurant,10.7728736,106.7062835,VN
Nhà Hàng Hai Lúa Sài Gòn,Hai Lua Sai Gon,restaurant,10.7807008,106.7067111,VN
Honda,Honda,motorcycle,10.7659396,106.7067583,VN
Điện Thoại Di Động Viễn Kiều,Vien Kieu Mobile Phone Shop,mobile_phone,10.7648823,106.7069329,VN
Cà Phê Vườn Kiểng,Ca Phe Vuon Kieng,cafe,10.7757808,106.7071741,VN
Đại Lý Bán Vé Máy Bay Việt Nam Airlines,Dai Ly Ban Ve May Bay Viet Nam Airlines,travel_agency,10.7899087,106.711216,VN
Bánh Mì Minh Châu,Banh Mi Minh Chau,bakery,10.7635257,106.704099,VN
Thai Express,Thai Express,travel_agency,10.7817958,106.7056762,VN
Cà Phê Spotlight,Ca Phe Spotlight,cafe,10.7645525,106.7036887,VN
Kỳ Hòa Mobifone,Ky Hoa Mobile Phone,mobile_phone,10.7623587,106.7021776,VN
Điện Thoại Lê Hùng,Le Hung Mobile Phone,mobile_phone,10.7630273,106.7034244,VN
Thời Trang Tóc Đình Khải,Dinh Khai Hairdresser,hairdresser,10.7637866,106.7049938,VN
Du Lịch Hùng Vỹ,Du Lich Hung Vy,travel_agency,10.7890383,106.7099613,VN
Cà Phê Màu Hoa Anh Đào,Sakura Color Coffe,cafe,10.7814169,106.7061129,VN
Cửa Hàng Gạo Chợ Đào,Cua Hang Gao Cho Dao,convenience,10.7638846,106.7068074,VN
Du Lịch Miền Nam,South Travel,travel_agency,10.7644017,106.7070687,VN
Cửa Hàng Thương Mại Quốc Tế Mega,Cua Hang Thuong Mai Quoc Te Mega,kiosk,10.7777905,106.7065641,VN
The Coffee House,The Coffee House,cafe,10.7809412,106.7064002,VN
Tiệm Vàng Kim Đức Thịnh,Tiem Vang Kim Duc Thinh,jewelry,10.7636908,106.7065303,VN
Cửa Hàng Mắt Kính Ánh Sáng,Anh Sang Optical Shop,optician,10.7644994,106.7071214,VN
Cửa Hàng Thực Phẩm Vissan,Cua Hang Thuc Pham Vissan,convenience,10.7639706,106.7058073,VN
Cửa Hàng Beauty Salon Nhật,Cua Hang Beauty Salon Nhat,beauty,10.7636951,106.7051853,VN
Tiệm Áo Cưới Thiên Thảo,Tiem Ao Cuoi Thien Thao,clothes,10.7632741,106.7037179,VN
Focomart,Focomart,supermarket,10.7652697,106.7028692,VN
Cửa Hàng Gas Thanh Bình,Cua Hang Gas Thanh Binh,houseware,10.7644651,106.707101,VN
Cà Phê Trùng 3T,Ca Phe Trung 3T,cafe,10.7805044,106.7072351,VN
Nhà Hàng Buffet Vasta,Nha Hang Buffet Vasta,cafe,10.7820596,106.7057171,VN
Nhà Hàng Wrap&Roll,Nha Hang Wrap&Roll,restaurant,10.7732882,106.7040253,VN
Trạm Xăng Dầu Bạch Đằng,Tram Xang Dau Bach Dang,fuel,10.8030522,106.6997362,VN
Quán Ăn Gia Đình,Quan An Gia Dinh,restaurant,10.8029924,106.6995844,VN
Cửa Hàng Nệm Vạn Thành,Van Thanh Mattress,furniture,10.8030977,106.7077201,VN
Cửa Hàng Tiện Lợi Shop&Go!,Cua Hang Tien Loi Shop&Go!,supermarket,10.806477,106.6949172,VN
Cửa Hàng Mắt Kính Việt Long,Viet Long,optician,10.8036676,106.701372,VN
Nhà Sách Thiếu Nhi Fahasa,Fahasa Gia Dinh,books,10.8029028,106.6993157,VN
Cửa Hàng Mắt Kính Hùng Cường,Hung Cuong,optician,10.8032423,106.6999969,VN
Đại Lý Honda Head,Dai Ly Honda Head,motorcycle,10.8066436,106.6949024,VN
Cửa Hàng Giày Dép Ngọc Được,Cua Hang Giay Dep Ngoc Duoc,shoes,10.8091593,106.6950217,VN
Nhà Hàng Đồ Chay,Nha Hang Do Chay,restaurant,10.8062565,106.6949559,VN
Nhà Hàng Crazy Buffalo,Nha Hang Crazy Buffalo,restaurant,10.767375,106.6941425,VN
Nhà Hàng Pizza Fixme,Nha Hang Pizza Fixme,restaurant,10.7680337,106.6938158,VN
Cà Phê Amenity,Ca Phe Amenity,cafe,10.7682761,106.6936656,VN
Nhà Hàng Đồ Ăn Việt Nam Aroma,Nha Hang Do An Viet Nam Aroma,restaurant,10.7684684,106.6938884,VN
Cà Phê Hog's Breath,Ca Phe Hog's Breath,cafe,10.7718499,106.7048379,VN
Bánh Canh Hoàng Ty,Banh Canh Hoang Ty,restaurant,10.7917311,106.6915979,VN
Cà Phê Napoli,Ca Phe Napoli,cafe,10.7732622,106.6938064,VN
Quán Ăn 7777,Quan An 7777,restaurant,10.8184173,106.7047992,VN
Cafe Thứ 7,Cafe Thu 7,cafe,10.7853912,106.6966905,VN
Cà Phê 3G,Ca Phe 3G,cafe,10.7956722,106.7339169,VN
Bánh Mì Queen,Banh Mi Queen,bakery,10.8032147,106.7159696,VN
Cà Phê Terrace,Ca Phe Terrace,cafe,10.7737673,106.7011077,VN
Cà Phê Au Parc,Ca Phe Au Parc,cafe,10.7787503,106.6981182,VN
Cà Phê The Refinery,Ca Phe The Refinery,cafe,10.7782301,106.7037621,VN
Nhà Hàng Tiệc Cưới Ngọc Trâm,Nha Hang Tiec Cuoi Ngoc Tram,restaurant,10.8491522,106.6365739,VN
Maximart,Maximart,supermarket,10.7769187,106.6811112,VN
Nhà Hàng Vietnamese Kitchen,Nha Hang Vietnamese Kitchen,restaurant,10.7666137,106.6922676,VN
Nhà Hàng Lẩu Cua,Nha Hang Lau Cua,restaurant,10.8184378,106.6990062,VN
Siêu Thị Bình Hòa,Sieu Thi Binh Hoa,supermarket,10.816301,106.6981233,VN
Cà Phê La Music,Ca Phe La Music,cafe,10.8210974,106.705363,VN
Siêu Thị Mini Bình Minh,Sieu Thi Mini Binh Minh,supermarket,10.8224451,106.7071706,VN
Cà Phê Sân Cỏ,Ca Phe San Co,cafe,10.7925804,106.749832,VN
Siêu Thị Mela,Sieu Thi Mela,supermarket,10.7579255,106.6731127,VN
Nhà Hàng Jaspas,Nha Hang Jaspas,restaurant,10.778168,106.7037041,VN
Cửa Hàng Trang Sức Hà Tâm,Cua Hang Trang Suc Ha Tam,jewelry,10.772187,106.697352,VN
WinMart+,WinMart+,convenience,10.7560655,106.7001948,VN
Nhà Sách Phương Nam,Nha Sach Phuong Nam,books,10.7851214,106.7026331,VN
Cà Phê Đá,Ca Phe Da,cafe,10.7805631,106.6975344,VN
Cà Phê 4A,Ca Phe 4A,cafe,10.781379,106.697592,VN
Nhà Hàng Shri Lounge,Nha Hang Shri Lounge,restaurant,10.7826304,106.6972822,VN
Hội Quán Thanh Niên,Hoi Quan Thanh Nien,cafe,10.7819478,106.6979915,VN
Cà Phê Ciao,Ca Phe Ciao,cafe,10.7751001,106.7029693,VN
Nhà Hàng Ấn Độ Curry Rice,Nha Hang An Do Curry Rice,restaurant,10.7762829,106.7042247,VN
Nhà Hàng Halal Sai Gon,Nha Hang Halal Sai Gon,restaurant,10.7760297,106.7047293,VN
Nhà Hàng Cung Đình Rex,Rex Royal Court Restaurant,restaurant,10.7754972,106.7007063,VN
FamilyMart,FamilyMart,convenience,10.7692304,106.7001682,VN
Nhà Hàng Tiệc Cưới 108 Nguyễn Du,Nha Hang Tiec Cuoi 108 Nguyen Du,restaurant,10.7754764,106.6956779,VN
Cà Phê 30-4,Ca Phe 30-4,cafe,10.7761438,106.6946963,VN
Nhà Hàng Alibaba,Nha Hang Alibaba,restaurant,10.7743953,106.7040996,VN
Cà Phê Smart,Ca Phe Smart,cafe,10.7876581,106.6999764,VN
Cửa Hàng Mua Sắm Citimart,Cua Hang Mua Sam Citimart,supermarket,10.7559528,106.6624963,VN
Cửa Hàng Xe Ô Tô Audi,Cua Hang Xe O To Audi,car,10.7850846,106.703525,VN
Hyundai Bến Thành,Hyundai Ben Thanh,car,10.7555524,106.6903514,VN
Nhà Hàng Hải Cảng,Nha Hang Hai Cang,restaurant,10.7662887,106.7077614,VN
Nhà Hàng Honeymoon,Nha Hang Honeymoon,restaurant,10.7602951,106.6991702,VN
Tous les Jours,Tous les Jours,bakery,10.7603557,106.6992806,VN
Cửa Hàng Mắt Kính Hàng Hiệu,Cua Hang Mat Kinh Hang Hieu,optician,10.763407,106.703588,VN
Cửa Hàng Xe Saigon Minsk,Cua Hang Xe Saigon Minsk,motorcycle,10.7675626,106.6944174,VN
Cửa Hàng Xôi Chè Bùi Thị Xuân,Cua Hang Xoi Che Bui Thi Xuan,restaurant,10.7675882,106.6863944,VN
Shop&Go!,Shop&Go!,convenience,10.7718769,106.6904496,VN
Topping Beef,Topping Beef,restaurant,10.7797991,106.6949139,VN
Bánh Mì Biết Nói Bread Talk,Banh Mi Biet Noi Bread Talk,bakery,10.7798807,106.6947971,VN
The Coffee Bean & Tea Leaf,The Coffee Bean & Tea Leaf,cafe,10.7805315,106.6956539,VN
Cà Phê Calibre,Ca Phe Calibre,cafe,10.7743763,106.7037363,VN
Adidas,Adidas,sports,10.7737969,106.7000608,VN
Quán Cà Phê Papa,Quan Ca Phe Papa,cafe,10.7833122,106.6956127,VN
Cà Phê Gió Bấc,Ca Phe Gio Bac,cafe,10.783145,106.6955418,VN
Nhà Hàng Bornga,Nha Hang Bornga,restaurant,10.7788067,106.7020073,VN
Phòng vé VietjetAir,Phong ve VietjetAir,ticket,10.7831846,106.6958524,VN
The Coffee Bean & Tea Leaf;235 Đồng Khởi,The Coffee Bean & Tea Leaf;235 Dong Khoi,cafe,10.7786273,106.6999908,VN
Cà Phê Cuộc Sống Dễ Dàng,Ca Phe Cuoc Song De Dang,cafe,10.7826261,106.6965122,VN
Quán Phở 2000,Quan Pho 2000,restaurant,10.7718157,106.697747,VN
Cửa Hàng Thời Trang N&M,Cua Hang Thoi Trang N&M,clothes,10.7823547,106.6964907,VN
Nhà Hàng Lion Beer,Nha Hang Lion Beer,restaurant,10.776619,106.7039069,VN
Cửa Hàng Bánh Mì Givral,Cua Hang Banh Mi Givral,bakery,10.7763601,106.702458,VN
Nhà Sách Fahasa,Nha Sach Fahasa,books,10.7740626,106.7041836,VN
Cà Phê Central Nguyễn Huệ,Ca Phe Central Nguyen Hue,cafe,10.7738692,106.7034139,VN
Cà Phê Soho,Ca Phe Soho,cafe,10.7725032,106.7019571,VN
Nhà Hàng Ngon,Nha Hang Ngon,restaurant,10.7773464,106.6996325,VN
Nhà Hàng Rơm BBQ,Nha Hang Rom BBQ,restaurant,10.7736789,106.6992615,VN
Nhà Hàng Nướng Barbecue Garden,Nha Hang Nuong Barbecue Garden,restaurant,10.7748184,106.6992492,VN
Cửa Hàng Bánh Pháp -  Tous les Jours,Cua Hang Banh Phap -  Tous les Jours,bakery,10.7215939,106.7128687,VN
COOP EXTRA,COOP EXTRA,supermarket,10.7284509,106.7183878,VN
Nhà Hàng Bên Sông,Nha Hang Ben Song,restaurant,10.7199051,106.7117175,VN
Siêu thị Điện máy Chợ Lớn,Sieu thi Dien may Cho Lon,supermarket,10.7542055,106.6645954,VN
Parkson,Parkson,department_store,10.7294661,106.721883,VN
Nhà Hàng Cham Charm,Nha Hang Cham Charm,restaurant,10.7245881,106.7197193,VN
Cafe Trung Nguyên,Cafe Trung Nguyen Legend,cafe,10.7563655,106.685485,VN
Cửa Hàng Tiện Lợi Shop & Go,Cua Hang Tien Loi Shop & Go,convenience,10.7872473,106.6925533,VN
ChXD Bình An,ChXD Binh An,fuel,10.890206,106.820996,VN
Cửa Hàng Bánh Mì ABC,Cua Hang Banh Mi ABC,bakery,10.795424,106.710071,VN
Nhà Hàng Đầm Tôm,Nha Hang Dam Tom,restaurant,10.835471,106.765147,VN
Cây Xăng Comeco Số 3 - Ngã Tư Hàng Xanh,Cay Xang Comeco So 3 - Nga Tu Hang Xanh,fuel,10.8007005,106.7131239,VN
Tân Cảng,Tan Cang,restaurant,10.8005534,106.7246028,VN
Cà Phê Quỳnh,Ca Phe Quynh,cafe,10.77977,106.661781,VN
Phở Bắc Hải,Pho Bac Hai,restaurant,10.7838752,106.6992161,VN
Cửa Hàng Thời Trang M&B,Cua Hang Thoi Trang M&B,clothes,10.7838908,106.6988927,VN
Cửa Hàng Thời Trang An Phước,An Phuoc,clothes,10.7804676,106.6956763,VN
Nhà Hàng Pháp Hoa,Nha Hang Phap Hoa,restaurant,10.767809,106.688677,VN
Quán Ăn Hoàng Ký 1,Quan An Hoang Ky 1,restaurant,10.755919,106.676499,VN
Bún Bò Huế Gia Hội,Bun Bo Hue Gia Hoi,restaurant,10.78415,106.6975046,VN
Nhà Hàng Hồ Tây,Nha Hang Ho Tay,restaurant,10.784324,106.697355,VN
Cà Phê Amy,Ca Phe Amy,cafe,10.844939,106.767218,VN
Cửa Hàng Xe Ô Tô Mitsubishi,Cua Hang Xe O To Mitsubishi,car,10.8136663,106.6664827,VN
Cafe Thềm Xưa,Cafe Them Xua,cafe,10.759976,106.685927,VN
Quán Cơm Gà Xối Mỡ,Quan Com Ga Xoi Mo,restaurant,10.786308,106.671644,VN
Big C,Big C,supermarket,10.806804,106.634147,VN
Nhà Hàng Hoằng Long,Nha Hang Hoang Long,restaurant,10.7768249,106.703813,VN
Cửa Hàng Tiện Lợi Shop&Go,Cua Hang Tien Loi Shop&Go,convenience,10.7930496,106.6698351,VN
Trà sữa Tea Cup,Tra sua Tea Cup,cafe,10.7980613,106.6885019,VN
Cà Phê Bud's,Ca Phe Bud's,cafe,10.7980034,106.688636,VN
Nhà Hàng Neighborhood Meal,Nha Hang Neighborhood Meal,restaurant,10.7805082,106.7057315,VN
5KU Station,5KU Station,restaurant,10.7794464,106.7042294,VN
Nhà Xe Thịnh Phát,Nha Xe Thinh Phat,ticket,10.7602467,106.6730294,VN
Nhà Hàng Hoa Sứ,Nha Hang Hoa Su,restaurant,10.7975447,106.7141842,VN
Nhà Hàng Trang Đỏ,Nha Hang Trang Do,restaurant,10.797848,106.714665,VN
Nhà Hàng Bông Súng,Nha Hang Bong Sung,restaurant,10.797692,106.715692,VN
Nhà Hàng Kitchen,Nha Hang Kitchen,restaurant,10.7979426,106.7158367,VN
Nhà Hàng El Gaucho,EL Gaucho,restaurant,10.7780321,106.7036328,VN
Nhà Hàng Nhật Annz,Nha Hang Nhat Annz,restaurant,10.7781923,106.7039909,VN
Bún Bò Thuận An 2,Bun Bo Thuan An 2,restaurant,10.844877,106.767471,VN
Cà Phê Nice,Ca Phe Nice,cafe,10.844476,106.769729,VN
Caffe Vườn Yêu,Caffe Vuon Yeu,cafe,10.844518,106.769922,VN
Nhà Hàng Beirut,Nha Hang Beirut,restaurant,10.7780733,106.7039174,VN
Cửa Hàng Pizza 4P's,Cua Hang Pizza 4P's,restaurant,10.7818475,106.705108,VN
Starbucks,Starbucks,cafe,10.7765217,106.7049252,VN
Siêu Thị Online Annam Gourmet,Sieu Thi Online Annam Gourmet,supermarket,10.7767779,106.7050958,VN
Bánh Mì Biết Nói BreadTalk,Banh Mi Biet Noi BreadTalk,bakery,10.7974758,106.6898734,VN
Nhà Hàng Sumo BBQ,Nha Hang Sumo BBQ,restaurant,10.797523,106.689728,VN
Cà Phê Phố Nhỏ,Ca Phe Pho Nho,cafe,10.7943062,106.7412085,VN
Quán Ăn Vương Gia Tửu,Quan An Vuong Gia Tuu,restaurant,10.7978659,106.6874239,VN
Nhà Hàng Quảng Đông San Fu Lou,Nha Hang Quang Dong San Fu Lou,restaurant,10.7985189,106.6874636,VN
Sửa Xe Hưng Lợi,Sua Xe Hung Loi,bicycle,10.799015,106.6871509,VN
Chăm Sóc Da Ngọc Ánh,Cham Soc Da Ngoc Anh,beauty,10.7988573,106.6877997,VN
Co.op Mart,Co.op Mart,supermarket,10.7864217,106.6755113,VN
Cà Phê Bobby Brewers,Ca Phe Bobby Brewers,cafe,10.7887204,106.676627,VN
Central Parc Bánh Mì,Central Parc Banh Mi,cafe,10.7787487,106.6985432,VN
Starbucks,Starbucks Han Thuyen,cafe,10.7788646,106.6982455,VN
Nhà Hàng Blanchy Street,Nha Hang Blanchy Street,restaurant,10.7780081,106.7038501,VN
Nhà Hàng Hoa Túc,Nha Hang Hoa Tuc,restaurant,10.7783472,106.7038891,VN
Nhà Hàng Le Bouchon De Saïgon,Nha Hang Le Bouchon De Saigon,restaurant,10.7803707,106.7035032,VN
Nhà Hàng Khói Thơm,Nha Hang Khoi Thom,restaurant,10.7806216,106.6901081,VN
Nhà Sách Đinh Tiên Hoàng,Nha Sach Dinh Tien Hoang,books,10.7880172,106.7001838,VN
"Nhà Sách Fahasa;387-389 Hai Bà Trưng (Fahasa Tân Định),","Nha Sach Fahasa;387-389 Hai Ba Trung (Fahasa Tan Dinh),",books,10.7903071,106.6887105,VN
Cà Phê New Day,Ca Phe New Day,cafe,10.7739206,106.6970944,VN
Cà Phê TEE,Ca Phe TEE,cafe,10.7969963,106.6705977,VN
Nhà Hàng Ciao Bella,Nha Hang Ciao Bella,restaurant,10.7762605,106.7049669,VN
Cà Phê Miền Đồng Thảo,Ca Phe Mien Dong Thao,cafe,10.7972044,106.6752752,VN
Quán Ăn Pháp Ti Ti,Quan An Phap Ti Ti,restaurant,10.7956297,106.6949528,VN
Nhà Hàng Zanzbar,Nha Hang Zanzbar,restaurant,10.7759751,106.7046722,VN
Cửa Hàng Bánh Mì Pat A Chou,Cua Hang Banh Mi Pat A Chou,bakery,10.7781974,106.7034507,VN
Nhà Hàng Skewers,Nha Hang Skewers,restaurant,10.7790115,106.7047525,VN
Cà Phê La Dolce Vita,Ca Phe La Dolce Vita,cafe,10.7770275,106.7022407,VN
Nhà Hàng Som Tum Thai,Som Tum Thai,restaurant,10.7792532,106.7038786,VN
Nhà Hàng Namo,Nha Hang Namo,restaurant,10.777874,106.7037686,VN
Nhà Hàng Le Bourgeois,Nha Hang Le Bourgeois,restaurant,10.7768577,106.7024065,VN
Quán Bún Chay - 13k,Quan Bun Chay - 13k,restaurant,10.744303,106.690393,VN
CoCo Fresh Tea & Juice,CoCo Fresh Tea & Juice,cafe,10.8553922,106.6301624,VN
Nhà Hàng Mina,Nha Hang Mina,restaurant,10.8553474,106.6280572,VN
Cà Phê Sky View,Ca Phe Sky View,cafe,10.8560376,106.6315655,VN
Nhà Hàng Lối Xưa,Nha Hang Loi Xua,restaurant,10.8532848,106.6267697,VN
Nhà Hàng Quản Tượng,Nha Hang Quan Tuong,restaurant,10.8542884,106.6289933,VN
Cà Phê Mina,Ca Phe Mina,cafe,10.8554315,106.628159,VN
Gloria Jean's,Gloria Jean's,cafe,10.7218318,106.7122518,VN
Nhà Hàng Tao Li,Nha Hang Tao Li,restaurant,10.721758,106.7118871,VN
Nhà Hàng Yeebo,Nha Hang Yeebo,restaurant,10.7249731,106.7199337,VN
Nhà Hàng Hoàng Yến,Nha Hang Hoang Yen,restaurant,10.7275634,106.7196653,VN
Phở Hùng,Pho Hung,restaurant,10.7232127,106.7100203,VN
Nhà Hàng Nhật Bản Tokyo Deli,Nha Hang Nhat Ban Tokyo Deli,restaurant,10.7275927,106.7195082,VN
Cà Phê Hướng Dương,Ca Phe Huong Duong,cafe,10.7219794,106.7132979,VN
Nhà Hàng Chả Cá Hà Nội,Nha Hang Cha Ca Ha Noi,restaurant,10.7223325,106.7145425,VN
Mercedes-Benz,Mercedes-Benz,car,10.728241,106.7144727,VN
Izakaya Noboru,Izakaya Noboru,restaurant,10.7336504,106.7082869,VN
The Warehouse,The Warehouse,wine,10.7272817,106.7087435,VN
AEON Citimart B&B,AEON Citimart B&B,convenience,10.7299816,106.7087541,VN
Cafe Mai Hương,Cafe Mai Huong,cafe,10.7702328,106.6527066,VN
Mì Quảng Bà Bốn,Mi Quang Ba Bon,restaurant,10.7912767,106.64564,VN
Quán Cà Phê 6K,Quan Ca Phe 6K,cafe,10.7805883,106.6436517,VN
Cà Phê 77,Ca Phe 77,cafe,10.7920273,106.6444373,VN
Nhà Hàng Âu Lạc Du Brasil,Nha Hang Au Lac Du Brasil,restaurant,10.7320253,106.7058174,VN
Nhà Hàng Hương Đồng 4,Nha Hang Huong Dong 4,restaurant,10.7942099,106.6963509,VN
Co.opmart Phan Văn Trị,Co.opmart Phan Van Tri,supermarket,10.8295261,106.6820675,VN
HiHi TomYum,HiHi TomYum,restaurant,10.7302921,106.7095995,VN
Cà Phê Lili Fb,Ca Phe Lili Fb,cafe,10.7276978,106.7084534,VN
Quán Cơm Tâm Mộc,Quan Com Tam Moc,restaurant,10.7274975,106.7084534,VN
Quán Mỳ Vằn Thắn,Quan My Van Than,restaurant,10.7275224,106.7092126,VN
Phở Ông Già,Pho Ong Gia,restaurant,10.7266015,106.7094512,VN
Apple Pen,Apple Pen,massage,10.7318935,106.7100136,VN
Hải Sản Hạ Long,Hai San Ha Long,seafood,10.7382332,106.7199062,VN
Mercedes - Benz Vietnam,Mercedes - Benz Vietnam,car_repair,10.837231,106.6544445,VN
Kiwi Spa,Kiwi Spa,massage,10.7337098,106.7093097,VN
Chè Thiên Đường,Dessert Heaven,cafe,10.7300264,106.7095467,VN
Nhà Hàng Tokyo Deli,Nha Hang Tokyo Deli,restaurant,10.7795329,106.6865534,VN
Coconut and Pumpkin,Coconut and Pumpkin,cafe,10.7527455,106.6585727,VN
Cà Phê Princess And The Pea,Ca Phe Princess And The Pea,cafe,10.7749587,106.7005062,VN
Cà Phê Mocking Bird,Ca Phe Mocking Bird,cafe,10.7694751,106.7044829,VN
Cửa Hàng Thời Trang Huy Hoàng,Cua Hang Thoi Trang Huy Hoang,clothes,10.7750496,106.7006785,VN
Lẩu Dê Kỳ Đồng,Lau De Ky Dong,restaurant,10.7917958,106.6972343,VN
Cây Kiểng Nhã Hương,Cay Kieng Nha Huong,garden_centre,10.7291657,106.7013351,VN
Cà Phê Cat,Ca Phe Cat,cafe,10.802605,106.7144217,VN
Cà Phê Oasis,Ca Phe Oasis,cafe,10.8060495,106.6062033,VN
Siêu Thị Co.opMart - Phú Thọ,Sieu Thi Co.opMart - Phu Tho,supermarket,10.7708442,106.6529897,VN
Lẩu Dê Đức Dưỡng,Lau De Duc Duong,restaurant,10.8338118,106.64433,VN
Nhà Hàng Lemongrass,Nha Hang Lemongrass,restaurant,10.7754055,106.7033338,VN
Công Ty TNHH Ô Tô Isuzu,Cong Ty TNHH O To Isuzu,car_repair,10.8387724,106.6482944,VN
Ốc Tý,Oc Ty,restaurant,10.7868712,106.7071606,VN
Cà Phê Tutti Frutti Frozen Yogurt,Ca Phe Tutti Frutti Frozen Yogurt,cafe,10.7719303,106.6976976,VN
Co-opmart Liên Hiệp TP.HCM,Co-opmart Lien Hiep TP.HCM,supermarket,10.8419863,106.6436933,VN
Du Lịch Vietnam Airlines,Du Lich Vietnam Airlines,travel_agency,10.7677795,106.6676645,VN
Giày Dép Da Gia Thành,Giay Dep Da Gia Thanh,shoes,10.7496175,106.6499374,VN
Căn Tin Thông Tin Tin Hiêu Đường Săt Sài Gòn,Can Tin Thong Tin Tin Hieu Duong Sat Sai Gon,cafe,10.7827822,106.6768976,VN
Trung Nguyên Coffee,Trung Nguyen Coffee,cafe,10.7826381,106.6769835,VN
Nhà Hàng Pháp Hidden,Nha Hang Phap Hidden,restaurant,10.7674081,106.6930818,VN
Bún Bò Huế Nhân Trí 1,Bun Bo Hue Nhan Tri 1,restaurant,10.7622509,106.6762166,VN
Cà Phê Rita Võ,RitaVo Cafe,cafe,10.7603644,106.6833383,VN
Cà Phê BB Corner,Ca Phe BB Corner,cafe,10.7728073,106.6952588,VN
Tiệm Massage Hán Cung,Tiem Massage Han Cung,massage,10.7732024,106.6951544,VN
Tiệm Massage Lê Duyên 4,Tiem Massage Le Duyen 4,massage,10.773121,106.6952435,VN
Nhà Hàng Saigon Outcast,Nha Hang Saigon Outcast,cafe,10.8169603,106.7299514,VN
That's Cafe,That's Cafe,cafe,10.8152885,106.7274623,VN
Station Mall,Station Mall,mall,10.8011701,106.7331602,VN
CaPhe Thu Uyen,CaPhe Thu Uyen,cafe,16.0874373,108.1445387,VN
Cafe Win,Cafe Win,cafe,16.0746726,108.2187015,VN
CafeKhanh Ly,CafeKhanh Ly,cafe,16.0627174,108.208943,VN
ThanhBinh Coffee,ThanhBinh Coffee,cafe,16.0347187,108.2446539,VN
CaPhe Fantasy,CaPhe Fantasy,cafe,16.0632999,108.1601536,VN
CaPhe Lang Tien,CaPhe Lang Tien,cafe,16.0657433,108.2077628,VN
KieuLien Coffee,KieuLien Coffee,cafe,16.0786302,108.1477511,VN
Cafe Truc Phuong,Cafe Truc Phuong,cafe,16.0684586,108.1500026,VN
Ca Phe 83,Ca Phe 83,cafe,16.0785765,108.2193388,VN
Cafe Dong Xanh,Cafe Dong Xanh,cafe,16.0640577,108.2208466,VN
CafeTo Be,CafeTo Be,cafe,16.0736841,108.2182886,VN
MuoiChau Coffee,MuoiChau Coffee,cafe,16.0021817,108.2670205,VN
CaPhe Sao Mai,CaPhe Sao Mai,cafe,16.0668568,108.1743586,VN
MienThao Coffee,MienThao Coffee,cafe,16.0762311,108.2308433,VN
GmcCoffee,GmcCoffee,cafe,16.0539382,108.2208037,VN
CaPhe 3 Ladies,CaPhe 3 Ladies,cafe,16.0827332,108.2219624,VN
OnenineCoffee,OnenineCoffee,cafe,16.066281,108.1920523,VN
Ca Phe Thuan,Ca Phe Thuan,cafe,16.0515981,108.1700044,VN
CafeGiai Khat 204,CafeGiai Khat 204,cafe,16.0597687,108.2135027,VN
CaPhe Konia,CaPhe Konia,cafe,16.0719493,108.2127548,VN
VuonNguyet Khue Vien Coffee,VuonNguyet Khue Vien Coffee,cafe,16.0623504,108.208896,VN
CafeNguyen,CafeNguyen,cafe,16.0494377,108.2133794,VN
NgocVan Coffee,NgocVan Coffee,cafe,16.0681394,108.1818645,VN
CafeLuna,CafeLuna,cafe,16.0654507,108.2078514,VN
CafeBao Dang,CafeBao Dang,cafe,16.0674462,108.1525529,VN
AnhLinh Coffee,AnhLinh Coffee,cafe,16.0703982,108.2013201,VN
HoaTieu Coffee,HoaTieu Coffee,cafe,16.0789002,108.2328072,VN
Giai Khat Quang,Giai Khat Quang,cafe,16.0582376,108.2126391,VN
Cafe72,Cafe72,cafe,16.0488551,108.2168233,VN
ThanhHuong Coffee,ThanhHuong Coffee,cafe,16.0648206,108.2164746,VN
CaPhe Hoang Anh,CaPhe Hoang Anh,cafe,16.0348682,108.1778991,VN
VuonThao Coffee,VuonThao Coffee,cafe,16.0653619,108.2069099,VN
324Coffee,324Coffee,cafe,16.0569901,108.2128107,VN
Nhà Hàng Chay & Cà Phê Thúp An,Nha Hang Chay & Ca Phe Thup An,restaurant,16.0738518,108.2032513,VN
PhoSao Coffee,PhoSao Coffee,cafe,16.0452824,108.2227242,VN
BaoNhi Coffee,BaoNhi Coffee,cafe,16.0822257,108.2399242,VN
CafeBan Toi,CafeBan Toi,cafe,16.058681,108.2122153,VN
CaPhe Nhat Linh,CaPhe Nhat Linh,cafe,16.0360488,108.1832421,VN
CafeThoang Sai Gon,CafeThoang Sai Gon,cafe,16.0710077,108.2212999,VN
CaPhe Trung,CaPhe Trung,cafe,16.0358065,108.1822067,VN
CaPhe Thu Dung,CaPhe Thu Dung,cafe,16.0713363,108.1914818,VN
Cafe219,Cafe219,cafe,16.0871156,108.2413157,VN
ThanhThuy Coffee,ThanhThuy Coffee,cafe,16.0871969,108.1443178,VN
CaPhe Long,CaPhe Long,cafe,16.0677692,108.1593811,VN
MyDuyen Coffee,MyDuyen Coffee,cafe,16.0522905,108.2373783,VN
Ca Phe New Life,Ca Phe New Life,cafe,16.0659805,108.2200312,VN
CaPhe Bong Da 14,CaPhe Bong Da 14,cafe,16.0750293,108.1492071,VN
CaPhe New Life,CaPhe New Life,cafe,16.0707379,108.2203416,VN
Ca Phe Chieu Tim,Ca Phe Chieu Tim,cafe,16.0860629,108.2405662,VN
ThanhHong Coffee,ThanhHong Coffee,cafe,16.0543867,108.2097101,VN
Cafe153,Cafe153,cafe,16.0905214,108.2428407,VN
TigonCoffee,TigonCoffee,cafe,16.0463238,108.2386833,VN
LindaCoffee,LindaCoffee,cafe,16.060279,108.209356,VN
MyPhuc Coffee,MyPhuc Coffee,cafe,16.0799961,108.213197,VN
ThanhTruc Coffee,ThanhTruc Coffee,cafe,16.0322748,108.1885957,VN
TrucTam Coffee,TrucTam Coffee,cafe,16.0906658,108.2423678,VN
Ca Phe Giai Khat Yen Trang,Ca Phe Giai Khat Yen Trang,cafe,16.0864224,108.2407112,VN
NhatHa Coffee Ice Cream,NhatHa Coffee Ice Cream,cafe,16.058217,108.2207447,VN
CaPhe Kien Viet,CaPhe Kien Viet,cafe,16.0764324,108.2195373,VN
HolidayCoffee,HolidayCoffee,cafe,16.0574334,108.2066095,VN
NgocAnh Coffee,NgocAnh Coffee,cafe,16.0670114,108.182019,VN
Loc Thu,Loc Thu,cafe,16.0706198,108.2227242,VN
HongAn Coffee,HongAn Coffee,cafe,16.0196036,108.1940563,VN
GiaiKhat 115 Coffee,GiaiKhat 115 Coffee,cafe,16.0789549,108.2173222,VN
SaoMai Coffee,SaoMai Coffee,cafe,16.0764549,108.2190335,VN
CafeThanh Hoa,CafeThanh Hoa,cafe,16.0549074,108.2121294,VN
Ca Phe Paris Da,Ca Phe Paris Da,cafe,16.0733682,108.214039,VN
CaPhe Delta,CaPhe Delta,cafe,16.0598754,108.2122709,VN
ThuyVan Coffee,ThuyVan Coffee,cafe,16.0829033,108.1459754,VN
NangMai Coffee,NangMai Coffee,cafe,16.0610214,108.211931,VN
Ca Phe Trung,Ca Phe Trung,cafe,16.056491,108.1666315,VN
Ca Phe Cam Ni,Ca Phe Cam Ni,cafe,16.0525482,108.1796323,VN
Ca Phe Bien Nho,Ca Phe Bien Nho,cafe,16.0559075,108.2444179,VN
CayBang Coffee,CayBang Coffee,cafe,16.0899132,108.2420341,VN
Cafe Giai Khat 417,Cafe Giai Khat 417,cafe,16.0693105,108.2051503,VN
CaPhe Win Win,CaPhe Win Win,cafe,16.0224941,108.2136583,VN
CaPhe Thuy Trang,CaPhe Thuy Trang,cafe,16.0376986,108.2220751,VN
CaPhe Minh Khanh,CaPhe Minh Khanh,cafe,16.0855183,108.1445679,VN
CaPhe Hoa Co May,CaPhe Hoa Co May,cafe,16.0607378,108.2104826,VN
55Coffee,55Coffee,cafe,16.0733415,108.1775719,VN
PlanttreesCoffee,PlanttreesCoffee,cafe,16.0996134,108.1355095,VN
PhuongMai Coffee,PhuongMai Coffee,cafe,16.0889382,108.2421461,VN
TrungDuong Coffee,TrungDuong Coffee,cafe,16.0737871,108.1493575,VN
Nha Que,Nha Que,cafe,16.0733694,108.2180547,VN
CayTao Coffee,CayTao Coffee,cafe,16.0560931,108.22022,VN
Ca Phe May Chieu,Ca Phe May Chieu,cafe,16.0344483,108.2238466,VN
Ca Phe Vuon Noi,Ca Phe Vuon Noi,cafe,16.0478859,108.1814933,VN
CafeMuzik,CafeMuzik,cafe,16.0654426,108.1547017,VN
LyNa Coffee,LyNa Coffee,cafe,16.108174,108.1312179,VN
CafeNhu Quynh,CafeNhu Quynh,cafe,16.1009204,108.247462,VN
Cafe Yen Nhi,Cafe Yen Nhi,cafe,16.0209679,108.2120651,VN
Homie Coffee,Homie Coffee,cafe,16.0707542,108.2092543,VN
N T Coffee,N T Coffee,cafe,16.0685682,108.1957894,VN
74Coffee,74Coffee,cafe,16.0721044,108.1787467,VN
Cafe61,Cafe61,cafe,16.0640834,108.2204067,VN
TamCoffee,TamCoffee,cafe,16.0756096,108.2113194,VN
MeTrang Coffee,MeTrang Coffee,cafe,16.0704222,108.2241651,VN
CaPhe Rang Dong,CaPhe Rang Dong,cafe,16.0140408,108.1975089,VN
NhuQuynh Coffee,NhuQuynh Coffee,cafe,16.0987217,108.2462203,VN
Cafe Giai Khat 310,Cafe Giai Khat 310,cafe,16.0665269,108.2069313,VN
GiaiKhat Thanh Ha Coffee,GiaiKhat Thanh Ha Coffee,cafe,16.070558,108.1915945,VN
ThaoUyen Coffee,ThaoUyen Coffee,cafe,16.0712642,108.2017547,VN
Ca Phe Thanh Huyen,Ca Phe Thanh Huyen,cafe,16.0687947,108.1668088,VN
TuanCoffee,TuanCoffee,cafe,16.0871879,108.1438778,VN
Ca Phe Phuong Nam,Ca Phe Phuong Nam,cafe,16.0535155,108.1693858,VN
MinhAnh Coffee,MinhAnh Coffee,cafe,16.0626555,108.2088625,VN
CaPhe Chau,CaPhe Chau,cafe,16.0185033,108.2071727,VN
Cafe27,Cafe27,cafe,16.1006751,108.2473415,VN
CaPhe Bar Diem Tam Nguyen Thy,CaPhe Bar Diem Tam Nguyen Thy,cafe,16.0731147,108.2209486,VN
GocNho Coffee,GocNho Coffee,cafe,16.038762,108.1867231,VN
Cafe Manila,Cafe Manila,cafe,16.068639,108.1504425,VN
CaPhe Dragon,CaPhe Dragon,cafe,16.0798673,108.2228851,VN
CaPhe Vao Ha,CaPhe Vao Ha,cafe,16.0896658,108.1471288,VN
TinaCoffee,TinaCoffee,cafe,16.0719394,108.1788915,VN
BaoNgoc Coffee,BaoNgoc Coffee,cafe,16.0993814,108.1356382,VN
CaPhe Muoi Thuong,CaPhe Muoi Thuong,cafe,16.0708105,108.2187706,VN
DaKhuc Coffee,DaKhuc Coffee,cafe,16.0539434,108.220852,VN
CafeMusic,CafeMusic,cafe,16.0917672,108.2428266,VN
J T Coffee,J T Coffee,cafe,16.0685682,108.195827,VN
Ca Phe Ly Thong,Ca Phe Ly Thong,cafe,16.0515208,108.1700258,VN
Cafe34,Cafe34,cafe,16.0639092,108.2231448,VN
Ca Phe Phuong Linh,Ca Phe Phuong Linh,cafe,16.0567117,108.1779206,VN
CafeHai Ha,CafeHai Ha,cafe,16.0717693,108.2311159,VN
GocPho Coffee,GocPho Coffee,cafe,16.0499532,108.2146024,VN
PhuongNguyen Coffee,PhuongNguyen Coffee,cafe,16.0987145,108.2462207,VN
Cafe Thien Thanh,Cafe Thien Thanh,cafe,16.1113228,108.1296022,VN
CaPhe Tung Lam,CaPhe Tung Lam,cafe,16.0574128,108.2114267,VN
CafeTri,CafeTri,cafe,16.0665372,108.1507337,VN
Ca Phe Thanh Tuan,Ca Phe Thanh Tuan,cafe,16.0516806,108.1699776,VN
YoungCafe,YoungCafe,cafe,16.0627019,108.2233304,VN
CafeBui,CafeBui,cafe,16.0455351,108.2095653,VN
HoaCau Garden Coffee,HoaCau Garden Coffee,cafe,16.061609,108.2090288,VN
SuminCoffee,SuminCoffee,cafe,16.0383646,108.1863411,VN
CaPhe Tan The Thao,CaPhe Tan The Thao,cafe,16.0701456,108.1846958,VN
BarCa Phe Quynh Anh,BarCa Phe Quynh Anh,cafe,16.0697796,108.2173544,VN
KimChi Coffee,KimChi Coffee,cafe,16.0866114,108.1441189,VN
Cafe Matrix,Cafe Matrix,cafe,16.0689122,108.1511345,VN
NiceCoffee,NiceCoffee,cafe,16.0447617,108.2227885,VN
Cafe Tây Sơn,Cafe Tay Son,cafe,16.068661,108.2087874,VN
GiaiKhat Robben Coffee,GiaiKhat Robben Coffee,cafe,16.0576287,108.2097619,VN
CafeCao Nguyen,CafeCao Nguyen,cafe,16.048269,108.2123421,VN
LuuLy Coffee,LuuLy Coffee,cafe,16.0750529,108.2307872,VN
CafeThao Uyen,CafeThao Uyen,cafe,16.0490719,108.2130601,VN
CaPhe Luna,CaPhe Luna,cafe,16.0643134,108.1747963,VN
HaoHao Coffee,HaoHao Coffee,cafe,16.0870392,108.2406834,VN
DuyThanh Coffee,DuyThanh Coffee,cafe,16.0571757,108.2129395,VN
CaPhe Vuon Da Bien,CaPhe Vuon Da Bien,cafe,16.0762848,108.2075858,VN
LuckyCoffee,LuckyCoffee,cafe,16.0457052,108.2226491,VN
CafeToday,CafeToday,cafe,16.0675663,108.2077206,VN
PhoCoffee,PhoCoffee,cafe,16.0663258,108.2210558,VN
Ca Phe Giai Khat Thanh Van,Ca Phe Giai Khat Thanh Van,cafe,16.0546458,108.2399741,VN
CaPhe Tuoi Hong,CaPhe Tuoi Hong,cafe,16.0707023,108.2204389,VN
DinhCoffee,DinhCoffee,cafe,16.0505719,108.2161796,VN
BaoTran Coffee,BaoTran Coffee,cafe,16.0948767,108.2443642,VN
MatBien Coffee,MatBien Coffee,cafe,16.0691095,108.2013508,VN
CafeCat Tien,CafeCat Tien,cafe,16.0552889,108.2123387,VN
Ca Phe Thanh Thanh,Ca Phe Thanh Thanh,cafe,16.058284,108.1774163,VN
BachDat Coffee,BachDat Coffee,cafe,16.0624685,108.2176904,VN
CafeNew Life,CafeNew Life,cafe,16.0660578,108.2198757,VN
Ca Phe Van Anh,Ca Phe Van Anh,cafe,16.0712642,108.1928766,VN
LongCoffee,LongCoffee,cafe,16.1109907,108.1297417,VN
QuynhThuy Coffee,QuynhThuy Coffee,cafe,16.0782178,108.2143342,VN
TrucXinh Coffee,TrucXinh Coffee,cafe,16.0684084,108.198772,VN
HoaLan Coffee,HoaLan Coffee,cafe,16.0445761,108.1847441,VN
Cafe Anh Linh,Cafe Anh Linh,cafe,16.0687243,108.2015572,VN
CaPhe Dan,CaPhe Dan,cafe,16.0622534,108.2179552,VN
Cafe33,Cafe33,cafe,16.0661319,108.2226375,VN
QuynhMai Coffee,QuynhMai Coffee,cafe,16.0671436,108.1825282,VN
CafePhuong Vy,CafePhuong Vy,cafe,16.0750173,108.2304525,VN
CaPhe Relax,CaPhe Relax,cafe,16.0318211,108.2239258,VN
WifiThao Chi Coffee,WifiThao Chi Coffee,cafe,16.0680153,108.1918239,VN
HongAnh Coffee,HongAnh Coffee,cafe,16.0688878,108.2015494,VN
CaPhe Mien Nhiet Doi,CaPhe Mien Nhiet Doi,cafe,16.0575572,108.218894,VN
PhuongCoffee,PhuongCoffee,cafe,16.1139462,108.1277901,VN
Ca Phe Jet,Ca Phe Jet,cafe,16.059902,108.2123879,VN
CafeGarden,CafeGarden,cafe,16.0651454,108.2216191,VN
Ca Phe Huong Xuan,Ca Phe Huong Xuan,cafe,16.0569523,108.1673985,VN
CafeBillards,CafeBillards,cafe,16.0687364,108.217669,VN
CaPhe Huy,CaPhe Huy,cafe,16.0768325,108.2120316,VN
QanCafe Giai Khat,QanCafe Giai Khat,cafe,16.0226746,108.2144254,VN
CafeThuy Duong,CafeThuy Duong,cafe,16.0710683,108.1488883,VN
GiaiKhat Hong Anh Coffee,GiaiKhat Hong Anh Coffee,cafe,16.0377296,108.2222682,VN
LyLy Coffee,LyLy Coffee,cafe,16.0846609,108.1452942,VN
NhaUyen Coffee,NhaUyen Coffee,cafe,16.0643773,108.2190227,VN
42Coffee,42Coffee,cafe,16.0645165,108.2097208,VN
Ca Phe Hoang Uyen,Ca Phe Hoang Uyen,cafe,16.0682022,108.1937456,VN
DuyenCoffee,DuyenCoffee,cafe,16.0706977,108.2088124,VN
Cafe Giai Khat Loc Vung,Cafe Giai Khat Loc Vung,cafe,16.0710734,108.1433576,VN
QuynhAnh Coffee,QuynhAnh Coffee,cafe,16.0585636,108.2096804,VN
352Coffee,352Coffee,cafe,16.0549851,108.218971,VN
CaPhe My,CaPhe My,cafe,16.0593646,108.2087853,VN
CaPhe Anh Tien,CaPhe Anh Tien,cafe,16.0644546,108.1522465,VN
UyenPhuong Coffee,UyenPhuong Coffee,cafe,16.1068753,108.1320655,VN
ThienAnh Coffee,ThienAnh Coffee,cafe,16.0681152,108.1924101,VN
HuongQue Coffee,HuongQue Coffee,cafe,16.0613894,108.2044916,VN
Cà phê Thật,Ca phe That,cafe,16.0205967,108.2112121,VN
Cafe Thanh Thuy,Cafe Thanh Thuy,cafe,16.0626452,108.1571871,VN
HuongDuong Coffee,HuongDuong Coffee,cafe,16.1145079,108.127255,VN
HongDuy Coffee,HongDuy Coffee,cafe,16.0827847,108.1460237,VN
ChipChip Coffee,ChipChip Coffee,cafe,16.0447806,108.2393417,VN
Cafe Mat Trang Xanh,Cafe Mat Trang Xanh,cafe,16.0628102,108.1567579,VN
Ca Phe Huong Ngoc Lan,Ca Phe Huong Ngoc Lan,cafe,16.0562723,108.1659995,VN
ThanhLan Coffee,ThanhLan Coffee,cafe,16.067496,108.2176172,VN
Ca Phe 54,Ca Phe 54,cafe,16.0701198,108.1505084,VN
Cafe Kieu Diem,Cafe Kieu Diem,cafe,16.0705631,108.1479335,VN
Cafe461,Cafe461,cafe,16.0662691,108.2066202,VN
Cafe Hai Quynh,Cafe Hai Quynh,cafe,16.0534176,108.2176226,VN
CafeHuyen Trang,CafeHuyen Trang,cafe,16.0929068,108.2433715,VN
Ca Phe Hung,Ca Phe Hung,cafe,16.0784395,108.2184863,VN
CaPhe Diem Hen,CaPhe Diem Hen,cafe,16.0636246,108.1546926,VN
DieuThu Coffee,DieuThu Coffee,cafe,16.0600007,108.2134008,VN
Ca Phe Brown,Ca Phe Brown,cafe,16.0715138,108.2117833,VN
Cafe New Style,Cafe New Style,cafe,16.0161779,108.2022267,VN
CaPhe Kim Trung,CaPhe Kim Trung,cafe,16.0630679,108.1602341,VN
Cafe79,Cafe79,cafe,16.0721044,108.2186472,VN
CaPhe Khanh Vy,CaPhe Khanh Vy,cafe,16.0385347,108.1862874,VN
CàPhê Da Nang Pho,CaPhe Da Nang Pho,cafe,16.0868397,108.215165,VN
TrungHien Coffee,TrungHien Coffee,cafe,16.071496,108.2033292,VN
Cafe 50,Cafe 50,cafe,16.0641453,108.2214904,VN
HongCoffee,HongCoffee,cafe,16.0718879,108.178972,VN
CafeBen,CafeBen,cafe,16.0641917,108.2143289,VN
Ca Phe Quynh Huong,Ca Phe Quynh Huong,cafe,16.063238,108.1668484,VN
Cafe Golden Fish,Cafe Golden Fish,cafe,16.0707745,108.218733,VN
Ca Phe Trau Cau,Ca Phe Trau Cau,cafe,16.0711817,108.1550681,VN
157Coffee,157Coffee,cafe,16.0713724,108.2024467,VN
CaPhe Nguyen Thao,CaPhe Nguyen Thao,cafe,16.0873047,108.1444207,VN
PhucDuyen Coffee,PhucDuyen Coffee,cafe,16.1115277,108.1295163,VN
TuUyen Coffee,TuUyen Coffee,cafe,16.0622025,108.2089491,VN
Cafe Anh,Cafe Anh,cafe,16.0178588,108.2068294,VN
CaPhe S Rock Coffee,CaPhe S Rock Coffee,cafe,16.0843078,108.2139024,VN
CaPhe Han Pho,CaPhe Han Pho,cafe,16.0716611,108.2224613,VN
DiemHen Coffee,DiemHen Coffee,cafe,16.0572169,108.2114589,VN
CaPhe Anh Hong,CaPhe Anh Hong,cafe,16.0653619,108.1496072,VN
NhaKhuyen Coffee,NhaKhuyen Coffee,cafe,16.0789549,108.2212972,VN
Ca Phe Legend,Ca Phe Legend,cafe,16.0516239,108.1699937,VN
CafeHang Me,CafeHang Me,cafe,16.0639278,108.222574,VN
Internet424 Coffee,Internet424 Coffee,cafe,16.0764343,108.1486416,VN
CafeGiai Khat 35,CafeGiai Khat 35,cafe,16.065532,108.2184005,VN
CaPhe Khanh Van,CaPhe Khanh Van,cafe,16.0350074,108.1789934,VN
GiaiKhat Duc Vuong,GiaiKhat Duc Vuong,cafe,16.0715374,108.1879842,VN
NgocCoffee,NgocCoffee,cafe,16.0755548,108.2306045,VN
CafeVu Hai,CafeVu Hai,cafe,16.0614286,108.2203907,VN
Coffee New Sky,Coffee New Sky,cafe,16.0682343,108.1494322,VN
CaPhe Pho Xua,CaPhe Pho Xua,cafe,16.0444627,108.2223165,VN
Cafe Den Bin,Cafe Den Bin,cafe,16.0733879,108.2200581,VN
CaPhe Giai Khat Sinh Vien,CaPhe Giai Khat Sinh Vien,cafe,16.0572891,108.2098979,VN
CaPhe Hang,CaPhe Hang,cafe,16.0366005,108.1852966,VN
NhuY Coffee,NhuY Coffee,cafe,16.0466435,108.2217854,VN
CaPhe Truyen,CaPhe Truyen,cafe,16.0673911,108.1823565,VN
KatynatCoffee,KatynatCoffee,cafe,16.0778518,108.2200742,VN
TitoCoffee,TitoCoffee,cafe,16.0566086,108.2116198,VN
Cafe Giai Khat 59,Cafe Giai Khat 59,cafe,16.0810992,108.2194519,VN
ThaoNguyen Coffee,ThaoNguyen Coffee,cafe,16.0456175,108.2225525,VN
CaPhe Giai Khat Huong Vuon Cau,CaPhe Giai Khat Huong Vuon Cau,cafe,16.0672434,108.2039165,VN
PhuCoffee,PhuCoffee,cafe,16.0628036,108.213887,VN
Ca Phe Giai Khat,Ca Phe Giai Khat,cafe,16.0540422,108.2390125,VN
BinBin Coffee,BinBin Coffee,cafe,16.1111131,108.1296903,VN
CafeBao Long,CafeBao Long,cafe,16.0500563,108.214994,VN
CafeLong,CafeLong,cafe,16.0946706,108.244273,VN
CaPhe Nu Tam Xuan,CaPhe Nu Tam Xuan,cafe,16.0720528,108.2056707,VN
CaPhe Nhu Phuong,CaPhe Nhu Phuong,cafe,16.0717642,108.1563878,VN
DuyenAnh Coffee,DuyenAnh Coffee,cafe,16.0577221,108.2065773,VN
CafeWin My,CafeWin My,cafe,16.0653464,108.2182449,VN
Cafe Thuan Tinh,Cafe Thuan Tinh,cafe,16.0717951,108.1402409,VN
Ca Phe Sari,Ca Phe Sari,cafe,16.0717229,108.1562859,VN
CaPhe Khung Cua Hep,CaPhe Khung Cua Hep,cafe,16.0708787,108.198007,VN
HuongHoa Coffee,HuongHoa Coffee,cafe,16.0599697,108.1793743,VN
CaPhe Nhu Mai,THANHSON,cafe,16.0853516,108.1433737,VN
BoGia Coffee,BoGia Coffee,cafe,16.0767951,108.2204711,VN
Cafe Lipton,Cafe Lipton,cafe,16.0446535,108.2227617,VN
CaPhe Jet,CaPhe Jet,cafe,16.0611875,108.2110707,VN
CaPhe Quynh,CaPhe Quynh,cafe,16.0934244,108.2435692,VN
Cafe Rex,Cafe Rex,cafe,16.0699806,108.2190495,VN
MyLam Vien Coffee,MyLam Vien Coffee,cafe,16.0397103,108.2425533,VN
CaPhe Thuy,CaPhe Thuy,cafe,16.0816044,108.2215386,VN
NhatNang Coffee,NhatNang Coffee,cafe,16.0685373,108.200714,VN
CafeKieu Trang,CafeKieu Trang,cafe,16.0545826,108.2120007,VN
CungDan Xua Coffee,CungDan Xua Coffee,cafe,16.0737333,108.2148331,VN
Cafe155,Cafe155,cafe,16.0620661,108.2170101,VN
VilanCoffee,VilanCoffee,cafe,16.0642032,108.2193313,VN
CafeBa Map,CafeBa Map,cafe,16.0612631,108.1783947,VN
Cafe9X,Cafe9X,cafe,16.0700528,108.2212114,VN
CaPhe Sinh Vien,CaPhe Sinh Vien,cafe,16.0525734,108.2373072,VN
CafeCo Vang,CafeCo Vang,cafe,16.0897792,108.2419107,VN
CaPhe Giot Dang,CaPhe Giot Dang,cafe,16.0221177,108.2132131,VN
HongTrang Coffee,HongTrang Coffee,cafe,16.0828466,108.1458038,VN
10Tran Quoc Toan Coffee,10Tran Quoc Toan Coffee,cafe,16.0662588,108.2236039,VN
Ca Phe An Tuong,Ca Phe An Tuong,cafe,16.0793393,108.2190038,VN
CafeThuy,CafeThuy,cafe,16.0647381,108.2103646,VN
Ca Phe Truc Duyen,Ca Phe Truc Duyen,cafe,16.0682253,108.1939494,VN
Van,Van,cafe,16.0757535,108.2198667,VN
BambooCoffee,BambooCoffee,cafe,16.0735054,108.14948,VN
ValentineCoffee,ValentineCoffee,cafe,16.0461434,108.2387209,VN
ThanhAn Coffee,ThanhAn Coffee,cafe,16.0552064,108.2194304,VN
CaPhe Trang Le,CaPhe Trang Le,cafe,16.0904338,108.1478584,VN
CafeViolet,CafeViolet,cafe,16.0653601,108.1547875,VN
MaiTrang Coffee,MaiTrang Coffee,cafe,16.1068134,108.1321031,VN
204Coffee,204Coffee,cafe,16.0785116,108.2170218,VN
Cafe78,Cafe78,cafe,16.067063,108.217982,VN
CaPhe Dong Tay,CaPhe Dong Tay,cafe,16.013755,108.1959521,VN
CaPhe A. Ly,CaPhe A. Ly,cafe,16.0627638,108.1577021,VN
AnhThu Coffee,AnhThu Coffee,cafe,16.1119504,108.129331,VN
Cafe188,Cafe188,cafe,16.0569973,108.2201299,VN
CafeHana,CafeHana,cafe,16.0443405,108.2395763,VN
KimNguyet Ca Coffee,KimNguyet Ca Coffee,cafe,16.098866,108.1359279,VN
CafeThao Vy,CafeThao Vy,cafe,16.0632947,108.1580132,VN
CaPhe Uyen Phuong,CaPhe Uyen Phuong,cafe,16.0900009,108.1474614,VN
MaiAnh Coffee,MaiAnh Coffee,cafe,16.0755735,108.2112711,VN
CafeVinh Phuc,CafeVinh Phuc,cafe,16.0694187,108.2228261,VN
Cafe Chot Nho,Cafe Chot Nho,cafe,16.0219269,108.2135135,VN
NgocLan Coffee,NgocLan Coffee,cafe,16.0707499,108.1495428,VN
HoangViet Coffee,HoangViet Coffee,cafe,16.1114052,108.1295677,VN
NewStar Coffee,NewStar Coffee,cafe,16.081326,108.1466996,VN
37Coffee,37Coffee,cafe,16.0824909,108.2204926,VN
CaPhe Giai Khat Xiromi,CaPhe Giai Khat Xiromi,cafe,16.0895782,108.2169896,VN
GiaiKhat Truc Viet Coffee,GiaiKhat Truc Viet Coffee,cafe,16.063336,108.2183683,VN
Cà Phê Long,Long Coffee,cafe,16.0749597,108.219974,VN
BaoHuong Coffee,BaoHuong Coffee,cafe,16.0663619,108.2181108,VN
CaPhe Phuong Nam,CaPhe Phuong Nam,cafe,16.014059,108.1970462,VN
Ca Phe Thien Truc,Ca Phe Thien Truc,cafe,16.08705,108.2165712,VN
Ca Phe San Vuon Da Thien Ly,Ca Phe San Vuon Da Thien Ly,cafe,16.0549242,108.1785938,VN
DivaCoffee,DivaCoffee,cafe,16.056262,108.2219781,VN
Ca Phe U I,Ca Phe U I,cafe,16.0625937,108.1575572,VN
Cafe Giai Khat Tam,Cafe Giai Khat Tam,cafe,16.0792023,108.2215011,VN
Cafe Giai Khat Thu Thao,Cafe Giai Khat Thu Thao,cafe,16.0585326,108.2096711,VN
QueenBell Coffee,QueenBell Coffee,cafe,16.1116972,108.1294451,VN
CafeMai La,CafeMai La,cafe,16.0608962,108.1614454,VN
CaPhe Tigon,CaPhe Tigon,cafe,16.0707281,108.2188296,VN
CaPhe Giai Khat Tv,CaPhe Giai Khat Tv,cafe,16.0537025,108.2213408,VN
Ca Phe Anh Thu,Ca Phe Anh Thu,cafe,16.0708363,108.1544029,VN
GiaiKhat Bia Tuoi Coffee,GiaiKhat Bia Tuoi Coffee,cafe,16.0669214,108.1921228,VN
CafeK.C.F,CafeK.C.F,cafe,16.06397,108.2234537,VN
Cafe Paradise,Cafe Paradise,cafe,16.0177041,108.2065665,VN
Ca Phe Thanh Tam,Ca Phe Thanh Tam,cafe,16.0640628,108.1667143,VN
Piggy,Piggy,cafe,16.0722436,108.2210076,VN
CaPhe Cay Truc,CaPhe Cay Truc,cafe,16.061274,108.2214904,VN
Cafe Phuong,Cafe Phuong,cafe,16.0649443,108.1503206,VN
